[
    {   "pk": 1, "model": "auth.user",
        "fields": {"username": "admin","first_name": "Administrator","last_name": "creative_solution","is_active": true,"is_superuser": true,"is_staff": false,"last_login": "2014-01-7T23:54:35.458Z","groups": [],
            "user_permissions": [],
            "password": "pbkdf2_sha256$10000$0NtIv2jDYAbO$I1MDJgtSUJRRXnERSTR4MxIcwLSXaSTdxox3OAqGRVc=","email": "admin@admin.ru","date_joined": "2014-01-07T20:32:35.458Z"}},
    {   "pk": 2, "model": "auth.user",
        "fields": {"username": "user","first_name": "User","last_name": "creative_solution","is_active": true,"is_superuser": false,"is_staff": false,"last_login": "2014-01-7T23:54:35.458Z","groups": [],
            "user_permissions": [],
            "password": "pbkdf2_sha256$10000$wJUCsUB6ZDha$5e/UMAJrL4LBIOaYVhqEZSGNI/IHj62KW1jfd4cDPFM=","email": "user@user.ru","date_joined": "2014-01-07T20:32:35.458Z"}},
    {"pk": 3, "model": "main.authors", "fields": {"tel": "", "name": "\u0413\u0430\u043d\u0430\u043f\u0438", "department": null, "mail": "", "patronymic": "\u042f\u043d\u0433\u0438\u0435\u0432\u0438\u0447", "surname": "\u0410\u0445\u043c\u0435\u0434\u043e\u0432", "post": ""}}, {"pk": 5, "model": "main.authors", "fields": {"tel": "", "name": "\u0422\u0430\u0433\u0438\u0440", "department": null, "mail": "", "patronymic": "\u0410\u0431\u0434\u0443\u0440\u0430\u0448\u0438\u0434\u043e\u0432\u0438\u0447", "surname": "\u0418\u0441\u043c\u0430\u0438\u043b\u043e\u0432", "post": ""}}, {"pk": 6, "model": "main.authors", "fields": {"tel": "", "name": "\u041e\u043b\u0435\u0433", "department": null, "mail": "", "patronymic": "\u0412\u0438\u043a\u0442\u043e\u0440\u043e\u0432\u0438\u0447", "surname": "\u0415\u0432\u0434\u0443\u043b\u043e\u0432", "post": ""}}, {"pk": 7, "model": "main.authors", "fields": {"tel": "", "name": "\u0428", "department": null, "mail": "", "patronymic": "\u0410", "surname": "\u042e\u0441\u0443\u0444\u043e\u0432", "post": ""}}, {"pk": 8, "model": "main.authors", "fields": {"tel": "", "name": "\u0413\u0430\u0440\u0443\u043d", "department": null, "mail": "", "patronymic": "\u0418\u043b\u044c\u044f\u0441\u043e\u0432\u0438\u0447", "surname": "\u0410\u043c\u0438\u043d\u043e\u0432", "post": ""}}, {"pk": 9, "model": "main.authors", "fields": {"tel": "", "name": "\u0425", "department": null, "mail": "", "patronymic": "\u041c", "surname": "\u0413\u0430\u0434\u0436\u0438\u0435\u0432", "post": ""}}, {"pk": 10, "model": "main.authors", "fields": {"tel": "", "name": "\u0428", "department": null, "mail": "", "patronymic": "\u0410", "surname": "\u0421\u0430\u043b\u043c\u0430\u043d\u043e\u0432", "post": ""}}, {"pk": 11, "model": "main.authors", "fields": {"tel": "", "name": "\u0422", "department": null, "mail": "", "patronymic": "\u042d", "surname": "\u0426\u0435\u0445\u0430\u043d\u0441\u043a\u0430\u044f", "post": ""}}, {"pk": 12, "model": "main.authors", "fields": {"tel": "", "name": "\u0410.-\u0413.", "department": null, "mail": "", "patronymic": "\u0414.", "surname": "\u0410\u043b\u0438\u0435\u0432", "post": ""}}, {"pk": 13, "model": "main.authors", "fields": {"tel": "", "name": "\u041c.", "department": null, "mail": "", "patronymic": "\u0418.", "surname": "\u0418\u0441\u043c\u0430\u0438\u043b\u043e\u0432", "post": ""}}, {"pk": 14, "model": "main.authors", "fields": {"tel": "", "name": "\u041c.", "department": null, "mail": "", "patronymic": "\u0410.-\u0413.", "surname": "\u0410\u043b\u0438\u0435\u0432", "post": ""}}, {"pk": 15, "model": "main.authors", "fields": {"tel": "", "name": "\u041a.", "department": null, "mail": "", "patronymic": "\u0410.", "surname": "\u041c\u0430\u0433\u043e\u043c\u0435\u0434\u043e\u0432", "post": ""}}, {"pk": 16, "model": "main.authors", "fields": {"tel": "", "name": "\u0410\u0431\u0434\u0435\u043b\u044c\u043a\u0430\u0434\u044b\u0440", "department": null, "mail": "", "patronymic": "", "surname": "\u0417\u0430\u0440\u0430\u0442", "post": ""}}, {"pk": 17, "model": "main.authors", "fields": {"tel": "", "name": "\u0414.", "department": null, "mail": "", "patronymic": "\u0410.", "surname": "\u0410\u0432\u0435\u0440\u0431\u0443\u0445", "post": ""}}, {"pk": 18, "model": "main.authors", "fields": {"tel": "", "name": "\u041e.", "department": null, "mail": "", "patronymic": "\u0410.", "surname": "\u0413\u0440\u0438\u043d\u0447\u0443\u043a", "post": ""}}, {"pk": 19, "model": "main.authors", "fields": {"tel": "", "name": "\u0410.", "department": null, "mail": "", "patronymic": "\u0421.", "surname": "\u0421\u0430\u0438\u0434\u043e\u0432", "post": ""}}, {"pk": 20, "model": "main.authors", "fields": {"tel": "", "name": "\u041c.", "department": null, "mail": "", "patronymic": "\u0410.", "surname": "\u0425\u0430\u0437\u0430\u043c\u043e\u0432\u0430", "post": ""}}, {"pk": 23, "model": "main.authors", "fields": {"tel": "", "name": "\u0421\u043e\u043b\u0442\u0430\u043d\u0430\u0442", "department": null, "mail": "", "patronymic": "\u041c\u0430\u0433\u043e\u043c\u0435\u0434\u043e\u0432\u043d\u0430", "surname": "\u0413\u0430\u0434\u0436\u0438\u0435\u0432\u0430", "post": ""}}, {"pk": 24, "model": "main.authors", "fields": {"tel": "", "name": "\u0422\u0438\u043c\u0443\u0440", "department": null, "mail": "", "patronymic": "\u0414\u0435\u043a\u0430\u0440\u0442\u043e\u0432\u0438\u0447", "surname": "\u041d\u0435\u0436\u0432\u0435\u0434\u0438\u043b\u043e\u0432", "post": ""}}, {"pk": 25, "model": "main.authors", "fields": {"tel": "", "name": "\u0422\u0438\u043c\u0443\u0440", "department": null, "mail": "", "patronymic": "\u0410\u0431\u0441\u0430\u043b\u0430\u043c\u043e\u0432\u0438\u0447", "surname": "\u0413\u0430\u0444\u0443\u0440\u043e\u0432", "post": ""}}, {"pk": 26, "model": "main.authors", "fields": {"tel": "", "name": "\u041c\u0438\u043a\u0430\u0438\u043b", "department": null, "mail": "", "patronymic": "\u0413\u0430\u0434\u0436\u0438\u043c\u0430\u0433\u043e\u043c\u0435\u0434\u043e\u0432\u0438\u0447", "surname": "\u0412\u0435\u0440\u0434\u0438\u0435\u0432", "post": ""}}, {"pk": 27, "model": "main.authors", "fields": {"tel": "", "name": "\u041d\u0438\u043a\u043e\u043b\u0430\u0439", "department": null, "mail": "", "patronymic": "\u0415\u0432\u0433\u0435\u043d\u044c\u0435\u0432\u0438\u0447", "surname": "\u041c\u0435\u0440\u043a\u0443\u0445\u0438\u043d", "post": ""}}, {"pk": 28, "model": "main.authors", "fields": {"tel": "", "name": "\u0418\u0440\u0438\u043d\u0430", "department": null, "mail": "", "patronymic": "\u042e\u0440\u044c\u0435\u0432\u043d\u0430", "surname": "\u0410\u043c\u0438\u043d\u043e\u0432\u0430", "post": ""}}, {"pk": 29, "model": "main.authors", "fields": {"tel": "", "name": "\u0422\u0430\u0434\u0436\u0438\u0434\u0438\u043d", "department": null, "mail": "", "patronymic": "\u042d\u043a\u0431\u0435\u0440\u043e\u0432\u0438\u0447", "surname": "\u0421\u0430\u0440\u043a\u0430\u0440\u043e\u0432", "post": ""}}, {"pk": 30, "model": "main.authors", "fields": {"tel": "", "name": "\u041a\u0435\u0440\u0438\u043c", "department": null, "mail": "", "patronymic": "\u0410\u0431\u0441\u0430\u043b\u0430\u043c\u043e\u0432\u0438\u0447", "surname": "\u0413\u0430\u0444\u0443\u0440\u043e\u0432", "post": ""}}, {"pk": 31, "model": "main.authors", "fields": {"tel": "", "name": "\u0422\u0430\u043c\u0438\u043b\u0430", "department": null, "mail": "", "patronymic": "\u0410\u0440\u0441\u043b\u0430\u043d\u043e\u0432\u043d\u0430", "surname": "\u0420\u0430\u0433\u0438\u043c\u043e\u0432\u0430", "post": ""}}, {"pk": 32, "model": "main.authors", "fields": {"tel": "", "name": "\u0423\u0441\u043c\u0430\u043d", "department": null, "mail": "", "patronymic": "\u0418\u043b\u044c\u044f\u0441\u043e\u0432\u0438\u0447", "surname": "\u0410\u043c\u0438\u043d\u043e\u0432", "post": ""}}, {"pk": 33, "model": "main.authors", "fields": {"tel": "", "name": "\u0420\u0430\u0434\u0438\u043c", "department": null, "mail": "", "patronymic": "\u041c\u0443\u0433\u0438\u0434\u0438\u043d\u043e\u0432\u0438\u0447", "surname": "\u041c\u0443\u0433\u0443\u0434\u0438\u043d\u043e\u0432", "post": ""}}, {"pk": 1, "model": "main.tags", "fields": {"name": "\u0442\u044d\u04331"}}, {"pk": 2, "model": "main.tags", "fields": {"name": "\u0442\u044d\u04332"}}, {"pk": 3, "model": "main.tags", "fields": {"name": "\u0442\u044d\u04333"}}, {"pk": 4, "model": "main.tags", "fields": {"name": "\u0442\u044d\u04334"}}, {"pk": 5, "model": "main.tags", "fields": {"name": "\u0442\u0435\u0433\u0438\u0448\u0435^^"}}, {"pk": 6, "model": "main.tags", "fields": {"name": "taggie"}}, {"pk": 7, "model": "main.tags", "fields": {"name": "test"}}, {"pk": 8, "model": "main.documenttypes", "fields": {"name": "\u041f\u0430\u0442\u0435\u043d\u0442"}}, {"pk": 6, "model": "main.intellectualproperty", "fields": {"doc_type": 8, "direction": null, "code": "RU 85619 U1", "name": "\u0423\u0441\u0442\u0440\u043e\u0439\u0441\u0442\u0432\u043e \u0434\u043b\u044f \u043e\u0447\u0438\u0441\u0442\u043a\u0438 \u0442\u0440\u0443\u0431\u043e\u043a \u0442\u0435\u043f\u043b\u043e\u043e\u0431\u043c\u0435\u043d\u043d\u044b\u0445 \u0430\u043f\u0430\u0440\u0430\u0442\u043e\u0432 \u043e\u0442 \u043d\u0430\u043a\u0438\u043f\u0438 \u044d\u043b\u0435\u043a\u0442\u0440\u0438\u0447\u0435\u0441\u043a\u0438\u043c\u0438 \u0438\u043c\u043f\u0443\u043b\u044c\u0441\u043d\u044b\u043c\u0438 \u0440\u0430\u0437\u0440\u044f\u0434\u0430\u043c\u0438", "end_date": null, "tags": [], "public_date": null, "authors": [3], "start_date": null}}, {"pk": 7, "model": "main.intellectualproperty", "fields": {"doc_type": 8, "direction": null, "code": "RU 86505 U1", "name": "\u0423\u0441\u0442\u0440\u043e\u0439\u0441\u0442\u0432\u043e \u0434\u043b\u044f \u043e\u0447\u0438\u0441\u0442\u043a\u0438 \u0432\u043d\u0443\u0442\u0440\u0435\u043d\u043d\u0435\u0439 \u043f\u043e\u0432\u0435\u0440\u0445\u043d\u043e\u0441\u0442\u0438 \u0442\u0440\u0443\u0431", "end_date": null, "tags": [], "public_date": null, "authors": [3], "start_date": null}}, {"pk": 8, "model": "main.intellectualproperty", "fields": {"doc_type": 8, "direction": null, "code": "RU 91384 U1", "name": "\u0413\u0435\u043e\u0442\u0435\u0440\u043c\u0430\u043b\u044c\u043d\u0430\u044f \u0443\u0441\u0442\u0430\u043d\u043e\u0432\u043a\u0430", "end_date": null, "tags": [], "public_date": null, "authors": [3], "start_date": null}}, {"pk": 9, "model": "main.intellectualproperty", "fields": {"doc_type": 8, "direction": null, "code": "RU 94561 U1", "name": "\u0423\u0441\u0442\u0440\u043e\u0439\u0441\u0442\u0432\u043e \u0434\u043b\u044f \u043e\u0447\u0438\u0441\u0442\u043a\u0438 \u0436\u0438\u0434\u043a\u043e\u0441\u0442\u0435\u0439", "end_date": null, "tags": [], "public_date": null, "authors": [3], "start_date": null}}, {"pk": 10, "model": "main.intellectualproperty", "fields": {"doc_type": 8, "direction": null, "code": "RU 95278 U1", "name": "\u0423\u0441\u0442\u0440\u043e\u0439\u0441\u0442\u0432\u0430 \u0434\u043b\u044f \u043e\u0447\u0438\u0441\u0442\u043a\u0438 \u0432\u043d\u0443\u0442\u0440\u0435\u043d\u043d\u0435\u0439 \u043f\u043e\u0432\u0435\u0440\u0445\u043d\u043e\u0441\u0442\u0438 \u0442\u0440\u0443\u0431", "end_date": null, "tags": [], "public_date": null, "authors": [3], "start_date": null}}, {"pk": 11, "model": "main.intellectualproperty", "fields": {"doc_type": 8, "direction": null, "code": "RU 2198419 C1", "name": "\u0423\u0441\u0442\u0440\u043e\u0439\u0441\u0442\u0432\u043e \u0434\u043b\u044f \u043e\u0445\u043b\u0430\u0436\u0434\u0435\u043d\u0438\u044f \u044d\u043b\u0435\u043a\u0442\u0440\u043e\u0439\u043d\u043d\u044b\u0445 \u043f\u043b\u0430\u0442", "end_date": null, "tags": [], "public_date": null, "authors": [5, 6, 7], "start_date": null}}, {"pk": 12, "model": "main.intellectualproperty", "fields": {"doc_type": 8, "direction": null, "code": "RU 2199696 C2", "name": "\u041e\u0441\u0432\u0435\u0442\u0438\u0442\u0435\u043b\u044c\u043d\u044b\u0439 \u043f\u0440\u0438\u0431\u043e\u0440", "end_date": null, "tags": [], "public_date": null, "authors": [5, 6, 7, 8], "start_date": null}}, {"pk": 13, "model": "main.intellectualproperty", "fields": {"doc_type": 8, "direction": null, "code": "RU 2199777 C2", "name": "\u0423\u0441\u0442\u0440\u043e\u0439\u0441\u0442\u0432\u043e \u0434\u043b\u044f \u0442\u0435\u0440\u043c\u043e\u0441\u0442\u0430\u0431\u0438\u043b\u0438\u0437\u0430\u0446\u0438\u0438 \u043d\u0435\u0441\u043a\u043e\u043b\u044c\u043a\u0438\u0445 \u043e\u0431\u044a\u0435\u043a\u0442\u043e\u0432 \u043d\u0430 \u0440\u0430\u0437\u043d\u044b\u0445 \u0442\u0435\u043c\u043f\u0435\u0440\u0430\u0442\u0443\u0440\u043d\u044b\u0445 \u0443\u0440\u043e\u0432\u043d\u044f\u0445", "end_date": null, "tags": [], "public_date": null, "authors": [5, 6, 7, 9], "start_date": null}}, {"pk": 14, "model": "main.intellectualproperty", "fields": {"doc_type": 8, "direction": null, "code": "RU 2203523 C2", "name": "\u0428\u043a\u0430\u0444 \u0434\u043b\u044f \u043e\u0445\u043b\u0430\u0436\u0434\u0435\u043d\u0438\u044f \u0440\u0430\u0434\u0438\u043e\u044d\u043b\u0435\u043a\u0442\u0440\u043e\u043d\u043d\u043e\u0439 \u0430\u043f\u043f\u0430\u0440\u0430\u0443\u0440\u044b", "end_date": null, "tags": [], "public_date": null, "authors": [5, 7, 10, 11], "start_date": null}}, {"pk": 15, "model": "main.intellectualproperty", "fields": {"doc_type": 8, "direction": null, "code": "RU 2214151 C2", "name": "\u0423\u0441\u0442\u0440\u043e\u0439\u0441\u0442\u0432\u043e \u0434\u043b\u044f \u0438\u0437\u043c\u0435\u0440\u0435\u043d\u0438\u044f \u0441\u0442\u0435\u043f\u0435\u043d\u0438 \u043f\u0440\u043e\u0437\u0440\u0430\u0447\u043d\u043e\u0441\u0442\u0438 \u043e\u043f\u0442\u0438\u0447\u0435\u0441\u043a\u0438\u0445 \u0441\u0440\u0435\u0434 \u0433\u043b\u0430\u0437\u0430", "end_date": null, "tags": [], "public_date": null, "authors": [5, 9, 12, 13, 14, 28], "start_date": null}}, {"pk": 16, "model": "main.intellectualproperty", "fields": {"doc_type": 8, "direction": null, "code": "RU 2215270 C1", "name": "\u041f\u0440\u0435\u0437\u0438\u0446\u0438\u043e\u043d\u043d\u044b\u0439 \u043c\u0430\u043b\u043e\u0433\u0430\u0431\u0430\u0440\u0438\u0442\u043d\u044b\u0439 \u043d\u0443\u043b\u044c-\u0442\u0435\u043c\u043e\u0441\u0442\u0430\u0442", "end_date": null, "tags": [], "public_date": null, "authors": [5, 6, 7, 8], "start_date": null}}, {"pk": 17, "model": "main.intellectualproperty", "fields": {"doc_type": 8, "direction": null, "code": "RU 2215272 C1", "name": "\u0414\u0430\u0442\u0447\u0438\u043a \u0442\u0435\u043f\u043b\u043e\u0432\u043e\u0433\u043e \u043f\u043e\u0442\u043e\u043a\u0430", "end_date": null, "tags": [], "public_date": null, "authors": [5, 6, 7, 8], "start_date": null}}, {"pk": 18, "model": "main.intellectualproperty", "fields": {"doc_type": 8, "direction": null, "code": "RU 220649 C2", "name": "\u041f\u043e\u043b\u0443\u043f\u0440\u043e\u0432\u043e\u0434\u043d\u0438\u043a\u043e\u0432\u043e\u0435 \u0442\u0435\u0440\u043c\u043e\u044d\u043b\u0435\u043a\u0442\u0438\u0447\u0435\u0441\u043a\u043e\u0435 \u0443\u0441\u0442\u0440\u043e\u0439\u0441\u0442\u0432\u043e \u0434\u043b\u044f \u0440\u0435\u0433\u0443\u043b\u0438\u0440\u043e\u0432\u0430\u043d\u0438\u044f \u0442\u0435\u043c\u043f\u0435\u0440\u0430\u0442\u0443\u0440\u044b \u0442\u0440\u0430\u043d\u0441\u0444\u0443\u0437\u0438\u043e\u043d\u043d\u044b\u0445 \u0441\u0440\u0435\u0434\u0441\u0442\u0432", "end_date": null, "tags": [], "public_date": null, "authors": [5, 7, 8, 15], "start_date": null}}, {"pk": 19, "model": "main.intellectualproperty", "fields": {"doc_type": 8, "direction": null, "code": "RU 2225843 \u04211", "name": "\u0422\u0435\u0440\u043c\u043e\u044d\u043b\u0435\u043a\u0442\u0440\u0438\u0447\u0435\u0441\u043a\u0438\u0439 \u043e\u043f\u0440\u0435\u0441\u043d\u0438\u0442\u0435\u043b\u044c", "end_date": null, "tags": [], "public_date": null, "authors": [5, 6, 7, 8, 16], "start_date": null}}, {"pk": 20, "model": "main.intellectualproperty", "fields": {"doc_type": 8, "direction": null, "code": "RU 2233569 \u04212", "name": "\u0423\u0441\u0442\u0440\u043e\u0439\u0441\u0442\u0432\u043e \u0434\u043b\u044f \u0442\u0435\u0440\u043c\u043e\u0441\u0442\u0430\u0431\u0438\u043b\u0438\u0437\u0430\u0446\u0438\u0438 \u044d\u043b\u0435\u043c\u0435\u043d\u0442\u043e\u0432 \u0440\u0430\u0434\u0438\u043e\u044d\u043b\u0435\u043a\u0442\u0440\u043e\u043d\u043e\u0439 \u0430\u043f\u043f\u0430\u0440\u0430\u0442\u0443\u0440\u044b \u0441 \u0432\u044b\u0441\u043e\u043a\u0438\u043c \u0443\u0440\u043e\u0432\u043d\u0435\u043c \u0442\u0435\u043f\u043b\u043e\u0432\u044b\u0434\u0435\u043b\u0435\u043d\u0438\u0439", "end_date": null, "tags": [], "public_date": null, "authors": [5, 6, 7, 8], "start_date": null}}, {"pk": 21, "model": "main.intellectualproperty", "fields": {"doc_type": 8, "direction": null, "code": "RU 2234639 \u04212", "name": "\u0411\u043b\u043e\u0447\u043d\u0430\u044f \u0438\u043d\u0436\u0435\u043a\u0446\u0438\u043e\u043d\u043d\u0430\u044f \u0433\u043e\u0440\u0435\u043b\u043a\u0430 \u0441 \u0434\u0438\u0430\u0444\u0440\u0430\u0433\u043c\u043e\u0439", "end_date": null, "tags": [], "public_date": null, "authors": [6, 17, 18, 19], "start_date": null}}, {"pk": 22, "model": "main.intellectualproperty", "fields": {"doc_type": 8, "direction": null, "code": "RU 2234907 C2", "name": "\u0423\u0441\u0442\u0440\u043e\u0439\u0441\u0442\u0432\u043e \u0434\u043b\u044f \u0442\u0435\u0440\u043c\u043e\u043f\u0443\u043d\u043a\u0442\u0443\u0440\u044b", "end_date": null, "tags": [], "public_date": null, "authors": [5, 6], "start_date": null}}, {"pk": 23, "model": "main.intellectualproperty", "fields": {"doc_type": 8, "direction": null, "code": "RU 2236034 \u04212", "name": "\u0423\u0441\u0442\u0440\u043e\u0439\u0441\u0442\u0432\u043e \u0434\u043b\u044f \u0442\u0435\u0440\u043c\u043e\u0441\u0442\u0430\u0431\u0438\u043b\u0438\u0437\u0430\u0446\u0438\u0438 \u043d\u0435\u0441\u043a\u043e\u043b\u044c\u043a\u0438\u0445 \u043e\u0431\u044a\u0435\u043a\u0442\u043e\u0432 \u043d\u0430 \u0440\u0430\u0437\u043d\u044b\u0445 \u0442\u0435\u043c\u043f\u0435\u0440\u0430\u0442\u0443\u0440\u043d\u044b\u0445 \u0443\u0440\u043e\u0432\u043d\u044f\u0445", "end_date": null, "tags": [], "public_date": null, "authors": [5, 6, 7, 8], "start_date": null}}, {"pk": 24, "model": "main.intellectualproperty", "fields": {"doc_type": 8, "direction": null, "code": "RU 2236096 \u04212", "name": "\u0423\u0441\u0442\u0440\u043e\u0439\u0441\u0442\u0432\u043e \u0434\u043b\u044f \u0442\u0435\u0440\u043c\u043e\u0441\u0442\u0430\u0431\u0438\u043b\u0438\u0437\u0430\u0443\u0438\u0438 \u044d\u043b\u0435\u043c\u0435\u043d\u0442\u043e\u0432 \u0440\u0430\u0434\u0438\u043e\u044d\u043b\u0435\u043a\u0442\u0440\u043e\u043d\u043d\u043e\u0439\u0430\u043f\u043f\u0430\u0440\u0430\u0442\u0443\u0440\u044b \u0431\u043e\u043b\u044c\u0448\u043e\u0439 \u043c\u043e\u0449\u043d\u043e\u0441\u0442\u0438", "end_date": null, "tags": [], "public_date": null, "authors": [5, 6, 7, 8], "start_date": null}}, {"pk": 25, "model": "main.intellectualproperty", "fields": {"doc_type": 8, "direction": null, "code": "RU 2236097 \u04212", "name": "\u0423\u0441\u0442\u0440\u043e\u0439\u0441\u0442\u0432\u043e \u0434\u043b\u044f \u0442\u0435\u0440\u043c\u043e\u0441\u0442\u0430\u0431\u0438\u043b\u0438\u0437\u0430\u0446\u0438\u0438 \u044d\u043b\u0435\u043c\u0435\u043d\u0442\u043e\u0432 \u0440\u0430\u0434\u0438\u043e\u044d\u043b\u0435\u043a\u0442\u0440\u043e\u043d\u043d\u043e\u0439 \u0430\u043f\u043f\u0430\u0440\u0430\u0442\u0443\u0440\u044b \u0431\u043e\u043b\u044c\u0449\u043e\u0439 \u043c\u043e\u0449\u043d\u043e\u0441\u0442\u0438", "end_date": null, "tags": [], "public_date": null, "authors": [5, 6, 7, 8], "start_date": null}}, {"pk": 26, "model": "main.intellectualproperty", "fields": {"doc_type": 8, "direction": null, "code": "RU 2236098 \u04212", "name": "\u0423\u0441\u0442\u0440\u043e\u0439\u0441\u0442\u0432\u043e \u0434\u043b\u044f \u0442\u0435\u0440\u043c\u043e\u0441\u0442\u0430\u0431\u0438\u043b\u0438\u0437\u0430\u0446\u0438\u0438 \u044d\u043b\u0435\u043c\u0435\u043d\u0442\u043e\u0432 \u0440\u0430\u0434\u0438\u044d\u043b\u0435\u043a\u0442\u0440\u043e\u043d\u043d\u043e\u0439 \u0430\u043f\u043f\u0430\u0440\u0430\u0442\u0443\u0440\u044b \u0441 \u0432\u044b\u0441\u043e\u043a\u0438\u043c \u0443\u0440\u043e\u0432\u043d\u0435\u043c \u0442\u0435\u0440\u043c\u043e\u0432\u044b\u0434\u0435\u043b\u0435\u043d\u0438\u0439", "end_date": null, "tags": [], "public_date": null, "authors": [5, 6, 7, 8], "start_date": null}}, {"pk": 27, "model": "main.intellectualproperty", "fields": {"doc_type": 8, "direction": null, "code": "RU 2236100 \u04212", "name": "\u0423\u0441\u0442\u0440\u043e\u0439\u0441\u0442\u0432\u043e \u0434\u043b\u044f \u043e\u0445\u043b\u0430\u0436\u0434\u0435\u043d\u0438\u044f \u0442\u0435\u0440\u043c\u043e\u0441\u0442\u0430\u0431\u0438\u043b\u0438\u0437\u0430\u0446\u0438\u0438 \u044d\u043b\u0435\u043c\u0435\u043d\u0442\u043e\u0432 \u0440\u0430\u0434\u0438\u043e\u044d\u043b\u0435\u043a\u0442\u0440\u043e\u043d\u043d\u043e\u0439 \u0430\u043f\u043f\u0430\u0440\u0430\u0442\u0443\u0440\u044b, \u0440\u0430\u0431\u043e\u0442\u0430\u044e\u0449\u0438\u0445 \u043f\u0440\u0438 \u0446\u0438\u043a\u043b\u0438\u0447\u0435\u0441\u043a\u0438\u0445 \u0442\u0435\u043f\u043b\u043e\u0432\u044b\u0445 \u0432\u043e\u0437\u0434\u0435\u0439\u0441\u0442\u0432\u0438\u044f\u0445", "end_date": null, "tags": [], "public_date": null, "authors": [5, 6, 7, 8], "start_date": null}}, {"pk": 28, "model": "main.intellectualproperty", "fields": {"doc_type": 8, "direction": null, "code": "RU 2245693 \u04212", "name": "\u041f\u043e\u043b\u0443\u043f\u0440\u043e\u0432\u043e\u0434\u043d\u0438\u043a\u043e\u0432\u044b\u0435 \u0442\u0435\u0440\u043c\u043e\u044d\u043b\u0435\u043a\u0442\u0440\u0438\u0447\u0435\u0441\u043a\u0438\u0435 \u0443\u0441\u0442\u0440\u043e\u0439\u0441\u0442\u0432\u0430 \u0434\u043b\u044f \u043b\u043e\u043a\u0430\u043b\u044c\u043d\u043e\u0433\u043e \u0442\u0435\u043c\u043f\u0435\u0440\u0430\u0442\u0443\u0440\u043d\u043e\u0433\u043e \u0432\u043e\u0437\u0434\u0435\u0439\u0441\u0442\u0432\u0438\u044f \u043d\u0430 \u0441\u0442\u043e\u043f\u0443 \u0447\u0435\u043b\u043e\u0432\u0435\u043a\u0430", "end_date": null, "tags": [], "public_date": null, "authors": [5, 6, 8, 20], "start_date": null}}, {"pk": 29, "model": "main.intellectualproperty", "fields": {"doc_type": 8, "direction": null, "code": "RU 2245694 \u04212", "name": "\u041f\u043e\u043b\u0443\u043f\u0440\u043e\u0432\u043e\u0434\u043d\u0438\u043a\u043e\u0432\u043e\u0435 \u0442\u043c\u043e\u044d\u043b\u0435\u043a\u0442\u0438\u0447\u0435\u0441\u043a\u043e\u0435 \u0443\u0441\u0442\u0440\u043e\u0439\u0441\u0442\u0432\u043e \u0434\u043b\u044f \u043b\u043e\u043a\u0430\u043b\u044c\u043d\u043e\u0433\u043e \u0442\u0435\u043c\u043f\u0435\u0440\u0430\u0442\u0443\u0440\u043d\u043e\u0433\u043e \u0432\u043e\u0437\u0434\u0435\u0439\u0441\u0442\u0432\u0438\u044f \u043d\u0430 \u0441\u0442\u043e\u043f\u0443 \u0447\u0435\u043b\u043e\u0432\u0435\u043a\u0430", "end_date": null, "tags": [], "public_date": null, "authors": [5, 6, 8, 16, 20], "start_date": null}}, {"pk": 30, "model": "main.intellectualproperty", "fields": {"doc_type": 8, "direction": null, "code": "RU 2245967 \u04212", "name": "\u0423\u0441\u0442\u0440\u043e\u0439\u0441\u0442\u0432\u043e \u0434\u043b\u044f \u043f\u043e\u043b\u0443\u0447\u0435\u043d\u0438\u044f \u0432\u043e\u0434\u044b \u0438\u0437 \u0430\u0442\u043c\u043e\u0441\u0444\u0435\u0440\u043d\u043e\u0433\u043e \u0432\u043e\u0437\u0434\u0443\u0445\u0430", "end_date": null, "tags": [], "public_date": null, "authors": [7], "start_date": null}}, {"pk": 31, "model": "main.intellectualproperty", "fields": {"doc_type": 8, "direction": null, "code": "RU 2246919 \u04212", "name": "\u0423\u0441\u0442\u0440\u043e\u0439\u0441\u0442\u0432\u043e \u0434\u043b\u044f \u043f\u0443\u043b\u044c\u0441\u0438\u0440\u0443\u044e\u0448\u0435\u0433\u043e \u0442\u0435\u043f\u043b\u043e\u0432\u043e\u0433\u043e \u0432\u043e\u0437\u0434\u0435\u0439\u0441\u0442\u0432\u0438\u044f \u043d\u0430 \u043d\u0430\u0437\u043e\u043b\u043e\u0431\u0438\u0430\u043b\u044c\u0433\u0443\u044e \u043e\u0431\u043b\u0430\u0441\u0442\u044c, \u0430\u0434\u0430\u043f\u0442\u0438\u0432\u043e\u043d\u043e\u0435 \u043a \u0440\u0438\u0442\u043c\u0443 \u0434\u044b\u0445\u0430\u043d\u0438\u044e \u043f\u0430\u0446\u0438\u0435\u043d\u0442\u0430", "end_date": null, "tags": [], "public_date": null, "authors": [5, 6, 7, 8], "start_date": null}}, {"pk": 34, "model": "main.intellectualproperty", "fields": {"doc_type": 8, "direction": null, "code": "RU 2247896 C2", "name": "\u041e\u0441\u0432\u0435\u0442\u0438\u0442\u0435\u043b\u044c\u043d\u044b\u0439 \u043f\u0440\u0438\u0431\u043e\u0440", "end_date": null, "tags": [], "public_date": null, "authors": [6, 7, 8], "start_date": null}}, {"pk": 35, "model": "main.intellectualproperty", "fields": {"doc_type": 8, "direction": null, "code": "RU 2256946 C2", "name": "\u0422\u0435\u0440\u043c\u043e\u044d\u043b\u0435\u043a\u0440\u0438\u0447\u0435\u0441\u043a\u043e\u0435 \u0443\u0441\u0442\u0440\u043e\u0439\u0441\u0442\u0432\u043e \u0442\u0435\u0440\u043c\u043e\u0440\u0435\u0433\u0443\u043b\u0438\u0440\u043e\u0432\u0430\u043d\u0438\u044f \u043a\u043e\u043c\u043f\u044c\u044e\u0442\u0435\u0440\u043d\u043e\u0433\u043e \u043f\u0440\u043e\u0446\u0435\u0441\u0441\u043e\u0440\u0430 \u0441 \u043f\u0440\u0438\u043c\u0435\u043d\u0435\u043d\u0438\u0435\u043c \u043f\u043b\u0430\u0432\u044f\u0449\u0435\u0433\u043e\u0441\u044f \u0432\u0435\u0449\u0435\u0441\u0442\u0432\u0430 ", "end_date": null, "tags": [], "public_date": null, "authors": [5, 9, 23, 24, 25], "start_date": null}}, {"pk": 36, "model": "main.intellectualproperty", "fields": {"doc_type": 8, "direction": null, "code": "RU 2257606 C2", "name": "\u0423\u0441\u0442\u0440\u043e\u0439\u0441\u0442\u0432\u043e \u0434\u043b\u044f \u043e\u0442\u0432\u043e\u0434\u0430 \u0442\u0435\u043f\u043b\u0430 \u043e\u0442 \u044d\u043b\u0435\u043c\u0435\u043d\u0442\u043e\u0432 \u0440\u0430\u0434\u0438\u043e\u044d\u043b\u0435\u0442\u0440\u043e\u043d\u043d\u043e\u0439 \u0430\u043f\u043f\u0430\u0440\u0430\u0442\u0443\u0440\u044b \u0441 \u043f\u043e\u0432\u0442\u043e\u0440\u043d\u043e-\u043a\u0440\u0430\u0442\u043a\u043e\u0432\u0440\u0435\u043c\u0435\u043d\u043d\u044b\u043c\u0438 \u0442\u0435\u043f\u043b\u043e\u0432\u044b\u0434\u0435\u043b\u0435\u043d\u0438\u044f\u043c\u0438", "end_date": null, "tags": [], "public_date": null, "authors": [5, 6, 7], "start_date": null}}, {"pk": 37, "model": "main.intellectualproperty", "fields": {"doc_type": 8, "direction": null, "code": "RU 2257691 C2", "name": "\u0423\u0441\u0442\u0440\u043e\u0439\u0441\u0442\u0432\u043e \u0434\u043b\u044f \u043e\u0442\u0432\u043e\u0434\u0430 \u0442\u0435\u043f\u043b\u0430 \u043e\u0442 \u044d\u043b\u0435\u043c\u0435\u043d\u0442\u043e\u0432 \u0440\u0430\u0434\u0438\u043e\u044d\u043b\u0435\u043a\u0442\u0440\u043e\u043d\u043d\u043e\u0439 \u0430\u043f\u043f\u0430\u0440\u0430\u0442\u0443\u0440\u044b \u0441 \u043f\u043e\u0432\u0442\u043e\u0440\u043d\u043e-\u043a\u0440\u0430\u0442\u043a\u043e\u0432\u0435\u0440\u0435\u043c\u0435\u043d\u043d\u044b\u043c\u0438 \u0442\u0435\u043f\u043b\u043e\u0432\u044b\u0434\u0435\u043b\u0435\u043d\u0438\u044f\u043c\u0438", "end_date": null, "tags": [], "public_date": null, "authors": [5, 6, 7, 8], "start_date": null}}, {"pk": 38, "model": "main.intellectualproperty", "fields": {"doc_type": 8, "direction": null, "code": "RU 2269183 C2", "name": "\u0422\u0435\u0440\u043c\u043e\u044d\u043b\u0435\u043a\u0442\u0440\u0438\u0447\u0435\u0441\u043a\u0430\u044f \u0431\u0430\u0442\u0430\u0440\u0435\u044f", "end_date": null, "tags": [], "public_date": null, "authors": [5, 6, 26, 27], "start_date": null}}, {"pk": 39, "model": "main.intellectualproperty", "fields": {"doc_type": 8, "direction": null, "code": "RU 2269184 C2", "name": "\u0422\u0435\u0440\u043c\u043e\u044d\u043b\u0435\u043a\u0442\u0440\u0438\u0447\u0435\u0441\u043a\u0430\u044f \u0431\u0430\u0442\u0430\u0440\u0435\u044f", "end_date": null, "tags": [], "public_date": null, "authors": [5, 6, 26, 27], "start_date": null}}, {"pk": 40, "model": "main.intellectualproperty", "fields": {"doc_type": 8, "direction": null, "code": "RU 2270495 C2", "name": "\u0421\u043f\u043e\u0441\u043e\u0431 \u043e\u0431\u0435\u0441\u043f\u0435\u0447\u0435\u043d\u0438\u044f \u0444\u0443\u043d\u043a\u0446\u0438\u043e\u043d\u0438\u0440\u043e\u0432\u0430\u043d\u0438\u044f \u0442\u0435\u0440\u043c\u043e\u044d\u043b\u0435\u043a\u0442\u0438\u0440\u0438\u0447\u0435\u0441\u043a\u043e\u0439 \u0431\u0430\u0442\u0430\u0440\u0435\u0438", "end_date": null, "tags": [], "public_date": null, "authors": [5, 6, 26], "start_date": null}}, {"pk": 41, "model": "main.intellectualproperty", "fields": {"doc_type": 8, "direction": null, "code": "RU 2280919 C2", "name": "\u0422\u0435\u0440\u043c\u043e\u044d\u043b\u0435\u043a\u0442\u0440\u0438\u0447\u0435\u0441\u043a\u0430\u044f \u0431\u0430\u0442\u0430\u0440\u0435\u044f", "end_date": null, "tags": [], "public_date": null, "authors": [5, 6, 26], "start_date": null}}, {"pk": 42, "model": "main.intellectualproperty", "fields": {"doc_type": 8, "direction": null, "code": "RU 2280920 C2", "name": "\u0422\u0435\u0440\u043c\u043e\u044d\u043b\u0435\u043a\u0442\u0440\u0438\u0447\u0435\u0441\u043a\u0430\u044f \u0431\u0430\u0442\u0430\u0440\u0435\u044f", "end_date": null, "tags": [], "public_date": null, "authors": [5, 6, 26], "start_date": null}}, {"pk": 43, "model": "main.intellectualproperty", "fields": {"doc_type": 8, "direction": null, "code": "RU 2280921 C2", "name": "\u0422\u0435\u0440\u043c\u043e\u044d\u043b\u0435\u043a\u0442\u0440\u0438\u0447\u0435\u0441\u043a\u0430\u044f \u0431\u0430\u0442\u0430\u0440\u0435\u044f", "end_date": null, "tags": [], "public_date": null, "authors": [5, 6, 26], "start_date": null}}, {"pk": 44, "model": "main.intellectualproperty", "fields": {"doc_type": 8, "direction": null, "code": "RU 2280922 C2", "name": "\u0421\u043f\u043e\u0441\u043e\u0431 \u0441\u043d\u044f\u0442\u0438\u044f \u0437\u0430\u0432\u0438\u0441\u0438\u043c\u043e\u0441\u0442\u0438 \u2206T=f(I) \u0434\u043b\u044f \u0432\u0435\u0442\u0432\u0438 \u0442\u0435\u0440\u043c\u043e\u044d\u043b\u0435\u043c\u0435\u043d\u0442\u0430", "end_date": null, "tags": [], "public_date": null, "authors": [5, 6, 26], "start_date": null}}, {"pk": 45, "model": "main.intellectualproperty", "fields": {"doc_type": 8, "direction": null, "code": "RU 2282273 C2", "name": "\u0422\u0435\u0440\u043c\u043e\u044d\u043b\u0435\u043a\u0442\u0440\u0438\u0447\u0435\u0441\u043a\u0430\u044f \u0431\u0430\u0442\u0430\u0440\u0435\u044f", "end_date": null, "tags": [], "public_date": null, "authors": [5, 6, 26], "start_date": null}}, {"pk": 46, "model": "main.intellectualproperty", "fields": {"doc_type": 8, "direction": null, "code": "RU 2282274 C2", "name": "\u0422\u0435\u0440\u043c\u043e\u044d\u043b\u0435\u043a\u0442\u0440\u0438\u0447\u0435\u0441\u043a\u0430\u044f \u0431\u0430\u0442\u0430\u0440\u0435\u044f", "end_date": null, "tags": [], "public_date": null, "authors": [5, 6, 26], "start_date": null}}, {"pk": 47, "model": "main.intellectualproperty", "fields": {"doc_type": 8, "direction": null, "code": "RU 2282275 C2", "name": "\u0422\u0435\u0440\u043c\u043e\u044d\u043b\u0435\u043a\u0442\u0440\u0438\u0447\u0435\u0441\u043a\u0430\u044f \u0431\u0430\u0442\u0430\u0440\u0435\u044f", "end_date": null, "tags": [], "public_date": null, "authors": [5, 6, 26], "start_date": null}}, {"pk": 48, "model": "main.intellectualproperty", "fields": {"doc_type": 8, "direction": null, "code": "RU 2282276 C2", "name": "\u0422\u0435\u0440\u043c\u043e\u044d\u043b\u0435\u043a\u0442\u0440\u0438\u0447\u0435\u0441\u043a\u043e\u0435 \u0443\u0441\u0442\u0440\u043e\u0439\u0441\u0442\u0432\u043e \u0434\u043b\u044f \u043b\u043e\u043a\u0430\u043b\u044c\u043d\u043e\u0433\u043e \u043a\u043e\u043d\u0442\u0440\u0430\u0441\u0442\u043d\u043e\u0433\u043e \u0442\u0435\u043c\u043f\u0435\u0440\u0430\u0442\u0443\u0440\u043d\u043e\u0433\u043e \u0432\u043e\u0437\u0434\u0435\u0439\u0441\u0442\u0432\u0438\u044f", "end_date": null, "tags": [], "public_date": null, "authors": [5, 7, 8, 20, 28], "start_date": null}}, {"pk": 49, "model": "main.intellectualproperty", "fields": {"doc_type": 8, "direction": null, "code": "RU 2282277 C2 ", "name": "\u0422\u0435\u0440\u043c\u043e\u044d\u043b\u0435\u043a\u0442\u0440\u0438\u0447\u0435\u0441\u043a\u0430\u044f \u0431\u0430\u0442\u0430\u0440\u0435\u044f", "end_date": null, "tags": [], "public_date": null, "authors": [5, 6, 26], "start_date": null}}, {"pk": 50, "model": "main.intellectualproperty", "fields": {"doc_type": 8, "direction": null, "code": "RU 2282278 C2", "name": "\u0422\u0435\u0440\u043c\u043e\u044d\u043b\u0435\u043a\u0442\u0440\u0438\u0447\u0435\u0441\u043a\u0430\u044f \u0431\u0430\u0442\u0430\u0440\u0435\u044f", "end_date": null, "tags": [], "public_date": null, "authors": [5, 6, 26], "start_date": null}}, {"pk": 51, "model": "main.intellectualproperty", "fields": {"doc_type": 8, "direction": null, "code": "RU 2282279 C2", "name": "\u0423\u0441\u0442\u0440\u043e\u0439\u0441\u0442\u0432\u043e \u0434\u043b\u044f \u043a\u0440\u0435\u043f\u043b\u0435\u043d\u0438\u044f \u0434\u0435\u0442\u0430\u043b\u0435\u0439 \u043c\u0435\u0442\u043e\u0434\u043e\u043c \u043f\u0440\u0438\u043c\u043e\u0440\u0430\u0436\u0438\u0432\u0430\u043d\u0438\u044f", "end_date": null, "tags": [], "public_date": null, "authors": [5, 6, 26], "start_date": null}}, {"pk": 52, "model": "main.intellectualproperty", "fields": {"doc_type": 8, "direction": null, "code": "RU 2282280 C2", "name": "\u0423\u0441\u0442\u0440\u043e\u0439\u0441\u0442\u0432\u043e \u0434\u043b\u044f \u043a\u0440\u0435\u043f\u043b\u0435\u043d\u0438\u044f \u0434\u0435\u0442\u0430\u043b\u0435\u0439 \u043c\u0435\u0442\u043e\u0434\u043e\u043c \u043f\u0440\u0438\u043c\u043e\u0440\u0430\u0436\u0438\u0432\u0430\u043d\u0438\u044f", "end_date": null, "tags": [], "public_date": null, "authors": [5, 6, 26], "start_date": null}}, {"pk": 53, "model": "main.intellectualproperty", "fields": {"doc_type": 8, "direction": null, "code": "RU 2288069 C2", "name": "\u0423\u0441\u0442\u0440\u043e\u0439\u0441\u0442\u043e \u0434\u043b\u044f \u043f\u043e\u043b\u0443\u0447\u0435\u043d\u0438\u044f \u043c\u0435\u0442\u0430\u043b\u0438\u0447\u0435\u0441\u043a\u0438\u0445 \u043b\u0435\u043d\u0442 \u0441 \u0437\u0430\u0434\u0430\u043d\u043d\u043e\u0439 \u0430\u043c\u043e\u0440\u0444\u043d\u043e\u0439 \u0441\u0442\u0440\u0443\u043a\u0442\u0443\u0440\u043e\u0439 ", "end_date": null, "tags": [], "public_date": null, "authors": [5, 9, 24, 29, 30], "start_date": null}}, {"pk": 54, "model": "main.intellectualproperty", "fields": {"doc_type": 8, "direction": null, "code": "RU 2288555 C2", "name": "\u0422\u0435\u0440\u043c\u043e\u044d\u043b\u0435\u043a\u0442\u0440\u0438\u0447\u0435\u0441\u043a\u0430\u044f \u0442\u0435\u043f\u043b\u043e\u043e\u0442\u0432\u043e\u0434", "end_date": null, "tags": [], "public_date": null, "authors": [5, 9, 23, 24, 30], "start_date": null}}, {"pk": 55, "model": "main.intellectualproperty", "fields": {"doc_type": 8, "direction": null, "code": "RU 2289869 C2", "name": "\u0422\u0435\u0440\u043c\u043e\u044d\u043b\u0435\u0442\u0440\u0438\u0447\u0435\u0441\u043a\u0430\u044f \u0431\u0430\u0442\u0430\u0440\u0435\u044f", "end_date": null, "tags": [], "public_date": null, "authors": [5, 6, 26], "start_date": null}}, {"pk": 56, "model": "main.intellectualproperty", "fields": {"doc_type": 8, "direction": null, "code": "RU 2290161 C2", "name": "\u0422\u0435\u0440\u043c\u043e\u044d\u043b\u0435\u043a\u0442\u0440\u0438\u0447\u0435\u0441\u043a\u043e\u0435 \u043f\u043e\u043b\u0443\u043f\u0440\u043e\u0432\u043e\u0434\u043d\u0438\u043a\u043e\u0432\u043e\u0435 \u0443\u0441\u0442\u0440\u043e\u0439\u0441\u0442\u0432\u043e \u0434\u043b\u044f \u0433\u0438\u0434\u0440\u043e\u043c\u0430\u0441\u0441\u0430\u0436\u0430 \u0434\u0435\u0441\u0435\u043d", "end_date": null, "tags": [], "public_date": null, "authors": [5, 7, 8, 31, 32], "start_date": null}}, {"pk": 57, "model": "main.intellectualproperty", "fields": {"doc_type": 8, "direction": null, "code": "RU 2290166 C2", "name": "\u0422\u0435\u0440\u043c\u043e\u044d\u043b\u0435\u043a\u0442\u0440\u0438\u0447\u0435\u0441\u043a\u043e\u0435 \u043f\u043e\u043b\u0443\u043f\u0440\u043e\u0432\u043e\u0434\u043d\u0438\u043a\u043e\u0432\u043e\u0435 \u0443\u0441\u0442\u0440\u043e\u0439\u0441\u0442\u0432\u043e \u0434\u043b\u044f \u043b\u043e\u043a\u0430\u043b\u044c\u043d\u043e\u0433\u043e \u0442\u0435\u043c\u0435\u043f\u0435\u0440\u0430\u0442\u0443\u0440\u043d\u043e\u0433\u043e \u0432\u043e\u0437\u0434\u0435\u0439\u0441\u0442\u0432\u0438\u044f \u043d\u0430 \u0440\u0435\u0444\u043b\u0435\u043a\u0441\u043e\u0433\u0435\u043d\u043d\u044b\u0435 \u0437\u043e\u043d\u044b \u043d\u043e\u0433\u0438 \u0447\u0435\u043b\u043e\u0432\u0435\u043a\u0430", "end_date": null, "tags": [], "public_date": null, "authors": [5, 7, 8, 20], "start_date": null}}, {"pk": 58, "model": "main.intellectualproperty", "fields": {"doc_type": 8, "direction": null, "code": "RU 2299711 C2", "name": "\u0422\u0435\u0440\u043c\u043e\u044d\u043b\u0435\u043a\u0442\u0440\u0438\u0447\u0435\u0441\u043a\u043e\u0435 \u043f\u043e\u043b\u0443\u043f\u0440\u043e\u0432\u043e\u0434\u043d\u0438\u043a\u043e\u0432\u043e\u0435 \u0443\u0441\u0442\u0440\u043e\u0439\u0441\u0442\u0432\u043e \u0434\u043b\u044f \u043b\u043e\u043a\u0430\u043b\u044c\u043d\u043e\u0433\u043e \u0442\u0435\u043c\u043f\u0435\u0440\u0430\u0442\u0443\u0440\u043d\u043e\u0433\u043e \u0432\u043e\u0437\u0434\u0435\u0439\u0441\u0442\u0432\u0438\u044f \u043d\u0430 \u0440\u0443\u043a\u0443 \u0447\u0435\u043b\u043e\u0432\u0435\u043a\u0430", "end_date": null, "tags": [], "public_date": null, "authors": [5, 6, 8, 20], "start_date": null}}, {"pk": 59, "model": "main.intellectualproperty", "fields": {"doc_type": 8, "direction": null, "code": "RU 2299722 C2", "name": "\u0422\u0435\u0440\u043c\u043e\u044d\u043b\u0435\u043a\u0442\u0440\u0438\u0447\u0435\u0441\u043a\u043e\u0435 \u043f\u043e\u043b\u0443\u043f\u0440\u043e\u0432\u043e\u0434\u043d\u0438\u043a\u043e\u0432\u043e\u0435 \u0443\u0441\u0442\u0440\u043e\u0439\u0441\u0442\u0432\u043e \u0434\u043b\u044f \u043b\u043e\u043a\u0430\u043b\u044c\u043d\u043e\u0433\u043e \u043c\u0435\u0445\u0430\u043d\u0438\u0447\u0435\u0441\u043a\u043e\u0433\u043e \u0438 \u0442\u043c\u043f\u0435\u0440\u0430\u0442\u0443\u0440\u043d\u043e\u0433\u043e", "end_date": null, "tags": [], "public_date": null, "authors": [5, 7, 8, 20], "start_date": null}}, {"pk": 60, "model": "main.intellectualproperty", "fields": {"doc_type": 8, "direction": null, "code": "RU 2310901 C2", "name": "\u0423\u0441\u0442\u0440\u043e\u0439\u0441\u0442\u0432\u043e \u0434\u043b\u044f \u0442\u0435\u0440\u043c\u043e\u0441\u0442\u0430\u0431\u0438\u043b\u0438\u0437\u0430\u0446\u0438\u0438 \u043d\u0435\u0441\u043a\u043e\u043b\u044c\u043a\u0438\u0445 \u043e\u0431\u044a\u0435\u043a\u0442\u043e\u0432 \u043d\u0430 \u0440\u0430\u0437\u043d\u044b\u0445 \u0442\u0435\u043c\u043f\u0435\u0440\u0430\u0442\u0443\u0440\u043d\u044b\u0445 \u0443\u0440\u043e\u0432\u043d\u044f\u0445", "end_date": null, "tags": [], "public_date": null, "authors": [5, 6, 33], "start_date": null}}, {"pk": 61, "model": "main.intellectualproperty", "fields": {"doc_type": 8, "direction": null, "code": "RU 2311556 C2", "name": "\u0421\u043f\u043e\u0441\u043e\u0431 \u043f\u043e\u043b\u0443\u0447\u0435\u043d\u0438\u044f \u0433\u043e\u0440\u044e\u0447\u0435\u0439 \u0441\u043c\u0435\u0441\u0438 \u0434\u043b\u044f \u0442\u0435\u043f\u043b\u043e\u0432\u044b\u0445 \u0434\u0432\u0438\u0433\u0430\u0442\u0435\u043b\u0435\u0439 - \u0441\u043f\u043e\u0441\u043e\u0431 \u0412\u0418\u041c\u0422-1", "end_date": null, "tags": [], "public_date": null, "authors": [5, 26], "start_date": null}}, {"pk": 64, "model": "main.intellectualproperty", "fields": {"doc_type": 8, "direction": null, "code": "RU 2220649 C2", "name": "\u041f\u043e\u043b\u0443\u043f\u0440\u043e\u0432\u043e\u0434\u043d\u0438\u043a\u043e\u0432\u043e\u0435 \u0442\u0435\u0440\u043c\u043e\u044d\u043b\u0435\u043a\u0442\u0440\u0438\u0447\u0435\u0441\u043a\u043e\u0435 \u0443\u0441\u0442\u0440\u043e\u0439\u0441\u0442\u0432\u043e \u0434\u043b\u044f \u0440\u0435\u0433\u0443\u043b\u0438\u0440\u043e\u0432\u0430\u043d\u0438\u044f \u0442\u0435\u043c\u043f\u0435\u0440\u0430\u0442\u0443\u0440\u044b \u0442\u0440\u0430\u043d\u0441\u0444\u0443\u0437\u0438\u043e\u043d\u043d\u044b\u0445 \u0441\u0440\u0435\u0434\u0441\u0442\u0432", "end_date": null, "tags": [], "public_date": null, "authors": [5, 7, 8, 15], "start_date": null}}, {"pk": 36, "model": "main.files", "fields": {"file": "6/85619_1.pdf", "intellectual_property": 6, "name": "85619.pdf", "extension": ".pdf", "size": 3384885.0}}, {"pk": 37, "model": "main.files", "fields": {"file": "7/86505.pdf", "intellectual_property": 7, "name": "86505.pdf", "extension": ".pdf", "size": 3382462.0}}, {"pk": 38, "model": "main.files", "fields": {"file": "8/91384.pdf", "intellectual_property": 8, "name": "91384.pdf", "extension": ".pdf", "size": 3356643.0}}, {"pk": 39, "model": "main.files", "fields": {"file": "9/94561.pdf", "intellectual_property": 9, "name": "94561.pdf", "extension": ".pdf", "size": 3300186.0}}, {"pk": 40, "model": "main.files", "fields": {"file": "10/95278.pdf", "intellectual_property": 10, "name": "95278.pdf", "extension": ".pdf", "size": 3288932.0}}, {"pk": 41, "model": "main.files", "fields": {"file": "11/2198419.pdf", "intellectual_property": 11, "name": "2198419.pdf", "extension": ".pdf", "size": 42706.0}}, {"pk": 42, "model": "main.files", "fields": {"file": "12/2199696.pdf", "intellectual_property": 12, "name": "2199696.pdf", "extension": ".pdf", "size": 42621.0}}, {"pk": 43, "model": "main.files", "fields": {"file": "13/2199777.pdf", "intellectual_property": 13, "name": "2199777.pdf", "extension": ".pdf", "size": 41869.0}}, {"pk": 44, "model": "main.files", "fields": {"file": "14/2203523.pdf", "intellectual_property": 14, "name": "2203523.pdf", "extension": ".pdf", "size": 42104.0}}, {"pk": 45, "model": "main.files", "fields": {"file": "15/2214151.pdf", "intellectual_property": 15, "name": "2214151.pdf", "extension": ".pdf", "size": 41889.0}}, {"pk": 46, "model": "main.files", "fields": {"file": "16/2215270.pdf", "intellectual_property": 16, "name": "2215270.pdf", "extension": ".pdf", "size": 41500.0}}, {"pk": 47, "model": "main.files", "fields": {"file": "17/2215272.pdf", "intellectual_property": 17, "name": "2215272.pdf", "extension": ".pdf", "size": 41382.0}}, {"pk": 48, "model": "main.files", "fields": {"file": "18/2220649.pdf", "intellectual_property": 18, "name": "2220649.pdf", "extension": ".pdf", "size": 40456.0}}, {"pk": 49, "model": "main.files", "fields": {"file": "19/2225843.pdf", "intellectual_property": 19, "name": "2225843.pdf", "extension": ".pdf", "size": 40790.0}}, {"pk": 50, "model": "main.files", "fields": {"file": "20/2233569.pdf", "intellectual_property": 20, "name": "2233569.pdf", "extension": ".pdf", "size": 42451.0}}, {"pk": 51, "model": "main.files", "fields": {"file": "21/2234639.pdf", "intellectual_property": 21, "name": "2234639.pdf", "extension": ".pdf", "size": 41786.0}}, {"pk": 52, "model": "main.files", "fields": {"file": "22/2234907.pdf", "intellectual_property": 22, "name": "2234907.pdf", "extension": ".pdf", "size": 69926.0}}, {"pk": 54, "model": "main.files", "fields": {"file": "23/2236034.pdf", "intellectual_property": 23, "name": "2236034.pdf", "extension": ".pdf", "size": 70048.0}}, {"pk": 55, "model": "main.files", "fields": {"file": "24/2236096.pdf", "intellectual_property": 24, "name": "2236096.pdf", "extension": ".pdf", "size": 69240.0}}, {"pk": 56, "model": "main.files", "fields": {"file": "25/2236097.pdf", "intellectual_property": 25, "name": "2236097.pdf", "extension": ".pdf", "size": 69404.0}}, {"pk": 57, "model": "main.files", "fields": {"file": "26/2236098.pdf", "intellectual_property": 26, "name": "2236098.pdf", "extension": ".pdf", "size": 69909.0}}, {"pk": 58, "model": "main.files", "fields": {"file": "27/2236100.pdf", "intellectual_property": 27, "name": "2236100.pdf", "extension": ".pdf", "size": 69840.0}}, {"pk": 59, "model": "main.files", "fields": {"file": "28/2245693.pdf", "intellectual_property": 28, "name": "2245693.pdf", "extension": ".pdf", "size": 117864.0}}, {"pk": 60, "model": "main.files", "fields": {"file": "29/2245694.pdf", "intellectual_property": 29, "name": "2245694.pdf", "extension": ".pdf", "size": 136171.0}}, {"pk": 61, "model": "main.files", "fields": {"file": "30/2245967.pdf", "intellectual_property": 30, "name": "2245967.pdf", "extension": ".pdf", "size": 403708.0}}, {"pk": 62, "model": "main.files", "fields": {"file": "31/2246919.pdf", "intellectual_property": 31, "name": "2246919.pdf", "extension": ".pdf", "size": 164346.0}}, {"pk": 63, "model": "main.files", "fields": {"file": "34/2247896.pdf", "intellectual_property": 34, "name": "2247896.pdf", "extension": ".pdf", "size": 133640.0}}, {"pk": 64, "model": "main.files", "fields": {"file": "35/fips.pdf", "intellectual_property": 35, "name": "fips.pdf", "extension": ".pdf", "size": 113741.0}}, {"pk": 65, "model": "main.files", "fields": {"file": "36/fips.pdf", "intellectual_property": 36, "name": "fips.pdf", "extension": ".pdf", "size": 115621.0}}, {"pk": 66, "model": "main.files", "fields": {"file": "37/fips.pdf", "intellectual_property": 37, "name": "fips.pdf", "extension": ".pdf", "size": 193024.0}}, {"pk": 67, "model": "main.files", "fields": {"file": "38/fips.pdf", "intellectual_property": 38, "name": "fips.pdf", "extension": ".pdf", "size": 185133.0}}, {"pk": 68, "model": "main.files", "fields": {"file": "39/fips.pdf", "intellectual_property": 39, "name": "fips.pdf", "extension": ".pdf", "size": 304007.0}}, {"pk": 69, "model": "main.files", "fields": {"file": "40/fips.pdf", "intellectual_property": 40, "name": "fips.pdf", "extension": ".pdf", "size": 194993.0}}, {"pk": 70, "model": "main.files", "fields": {"file": "41/fips.pdf", "intellectual_property": 41, "name": "fips.pdf", "extension": ".pdf", "size": 171253.0}}, {"pk": 71, "model": "main.files", "fields": {"file": "42/fips.pdf", "intellectual_property": 42, "name": "fips.pdf", "extension": ".pdf", "size": 237761.0}}, {"pk": 72, "model": "main.files", "fields": {"file": "43/fips.pdf", "intellectual_property": 43, "name": "fips.pdf", "extension": ".pdf", "size": 141515.0}}, {"pk": 73, "model": "main.files", "fields": {"file": "44/fips.pdf", "intellectual_property": 44, "name": "fips.pdf", "extension": ".pdf", "size": 224649.0}}, {"pk": 74, "model": "main.files", "fields": {"file": "45/fips.pdf", "intellectual_property": 45, "name": "fips.pdf", "extension": ".pdf", "size": 146453.0}}, {"pk": 75, "model": "main.files", "fields": {"file": "46/fips.pdf", "intellectual_property": 46, "name": "fips.pdf", "extension": ".pdf", "size": 141401.0}}, {"pk": 76, "model": "main.files", "fields": {"file": "47/fips.pdf", "intellectual_property": 47, "name": "fips.pdf", "extension": ".pdf", "size": 175472.0}}, {"pk": 77, "model": "main.files", "fields": {"file": "48/fips.pdf", "intellectual_property": 48, "name": "fips.pdf", "extension": ".pdf", "size": 248398.0}}, {"pk": 78, "model": "main.files", "fields": {"file": "49/fips.pdf", "intellectual_property": 49, "name": "fips.pdf", "extension": ".pdf", "size": 213157.0}}, {"pk": 79, "model": "main.files", "fields": {"file": "50/fips.pdf", "intellectual_property": 50, "name": "fips.pdf", "extension": ".pdf", "size": 141751.0}}, {"pk": 80, "model": "main.files", "fields": {"file": "51/fips.pdf", "intellectual_property": 51, "name": "fips.pdf", "extension": ".pdf", "size": 124555.0}}, {"pk": 81, "model": "main.files", "fields": {"file": "52/fips.pdf", "intellectual_property": 52, "name": "fips.pdf", "extension": ".pdf", "size": 176636.0}}, {"pk": 82, "model": "main.files", "fields": {"file": "53/fips.pdf", "intellectual_property": 53, "name": "fips.pdf", "extension": ".pdf", "size": 137284.0}}, {"pk": 83, "model": "main.files", "fields": {"file": "54/fips.pdf", "intellectual_property": 54, "name": "fips.pdf", "extension": ".pdf", "size": 752000.0}}, {"pk": 84, "model": "main.files", "fields": {"file": "55/fips.pdf", "intellectual_property": 55, "name": "fips.pdf", "extension": ".pdf", "size": 246292.0}}, {"pk": 85, "model": "main.files", "fields": {"file": "56/fips.pdf", "intellectual_property": 56, "name": "fips.pdf", "extension": ".pdf", "size": 676988.0}}, {"pk": 86, "model": "main.files", "fields": {"file": "57/fips.pdf", "intellectual_property": 57, "name": "fips.pdf", "extension": ".pdf", "size": 281392.0}}, {"pk": 87, "model": "main.files", "fields": {"file": "58/\u0418\u0437\u043e\u0431\u0440\u0430\u0436\u0435\u043d\u0438\u0435 014.jpg", "intellectual_property": 58, "name": "\u0418\u0437\u043e\u0431\u0440\u0430\u0436\u0435\u043d\u0438\u0435 014.jpg", "extension": ".jpg", "size": 451502.0}}, {"pk": 88, "model": "main.files", "fields": {"file": "58/\u0418\u0437\u043e\u0431\u0440\u0430\u0436\u0435\u043d\u0438\u0435 015.jpg", "intellectual_property": 58, "name": "\u0418\u0437\u043e\u0431\u0440\u0430\u0436\u0435\u043d\u0438\u0435 015.jpg", "extension": ".jpg", "size": 392456.0}}, {"pk": 89, "model": "main.files", "fields": {"file": "58/\u0418\u0437\u043e\u0431\u0440\u0430\u0436\u0435\u043d\u0438\u0435 016.jpg", "intellectual_property": 58, "name": "\u0418\u0437\u043e\u0431\u0440\u0430\u0436\u0435\u043d\u0438\u0435 016.jpg", "extension": ".jpg", "size": 383957.0}}, {"pk": 90, "model": "main.files", "fields": {"file": "58/\u0418\u0437\u043e\u0431\u0440\u0430\u0436\u0435\u043d\u0438\u0435 017.jpg", "intellectual_property": 58, "name": "\u0418\u0437\u043e\u0431\u0440\u0430\u0436\u0435\u043d\u0438\u0435 017.jpg", "extension": ".jpg", "size": 565992.0}}, {"pk": 91, "model": "main.files", "fields": {"file": "58/\u0418\u0437\u043e\u0431\u0440\u0430\u0436\u0435\u043d\u0438\u0435 018.jpg", "intellectual_property": 58, "name": "\u0418\u0437\u043e\u0431\u0440\u0430\u0436\u0435\u043d\u0438\u0435 018.jpg", "extension": ".jpg", "size": 302199.0}}, {"pk": 92, "model": "main.files", "fields": {"file": "59/\u0418\u0437\u043e\u0431\u0440\u0430\u0436\u0435\u043d\u0438\u0435 020.jpg", "intellectual_property": 59, "name": "\u0418\u0437\u043e\u0431\u0440\u0430\u0436\u0435\u043d\u0438\u0435 020.jpg", "extension": ".jpg", "size": 118471.0}}, {"pk": 93, "model": "main.files", "fields": {"file": "59/\u0418\u0437\u043e\u0431\u0440\u0430\u0436\u0435\u043d\u0438\u0435 013.jpg", "intellectual_property": 59, "name": "\u0418\u0437\u043e\u0431\u0440\u0430\u0436\u0435\u043d\u0438\u0435 013.jpg", "extension": ".jpg", "size": 457549.0}}, {"pk": 94, "model": "main.files", "fields": {"file": "59/\u0418\u0437\u043e\u0431\u0440\u0430\u0436\u0435\u043d\u0438\u0435 019.jpg", "intellectual_property": 59, "name": "\u0418\u0437\u043e\u0431\u0440\u0430\u0436\u0435\u043d\u0438\u0435 019.jpg", "extension": ".jpg", "size": 323867.0}}, {"pk": 95, "model": "main.files", "fields": {"file": "59/\u0418\u0437\u043e\u0431\u0440\u0430\u0436\u0435\u043d\u0438\u0435 022.jpg", "intellectual_property": 59, "name": "\u0418\u0437\u043e\u0431\u0440\u0430\u0436\u0435\u043d\u0438\u0435 022.jpg", "extension": ".jpg", "size": 536232.0}}, {"pk": 96, "model": "main.files", "fields": {"file": "59/\u0418\u0437\u043e\u0431\u0440\u0430\u0436\u0435\u043d\u0438\u0435 021.jpg", "intellectual_property": 59, "name": "\u0418\u0437\u043e\u0431\u0440\u0430\u0436\u0435\u043d\u0438\u0435 021.jpg", "extension": ".jpg", "size": 558053.0}}, {"pk": 97, "model": "main.files", "fields": {"file": "59/\u0418\u0437\u043e\u0431\u0440\u0430\u0436\u0435\u043d\u0438\u0435 023.jpg", "intellectual_property": 59, "name": "\u0418\u0437\u043e\u0431\u0440\u0430\u0436\u0435\u043d\u0438\u0435 023.jpg", "extension": ".jpg", "size": 199171.0}}, {"pk": 98, "model": "main.files", "fields": {"file": "59/\u0418\u0437\u043e\u0431\u0440\u0430\u0436\u0435\u043d\u0438\u0435 024.jpg", "intellectual_property": 59, "name": "\u0418\u0437\u043e\u0431\u0440\u0430\u0436\u0435\u043d\u0438\u0435 024.jpg", "extension": ".jpg", "size": 273186.0}}, {"pk": 99, "model": "main.files", "fields": {"file": "59/\u0418\u0437\u043e\u0431\u0440\u0430\u0436\u0435\u043d\u0438\u0435 025.jpg", "intellectual_property": 59, "name": "\u0418\u0437\u043e\u0431\u0440\u0430\u0436\u0435\u043d\u0438\u0435 025.jpg", "extension": ".jpg", "size": 218284.0}}, {"pk": 100, "model": "main.files", "fields": {"file": "60/03.jpg", "intellectual_property": 60, "name": "03.jpg", "extension": ".jpg", "size": 1477820.0}}, {"pk": 101, "model": "main.files", "fields": {"file": "60/04.jpg", "intellectual_property": 60, "name": "04.jpg", "extension": ".jpg", "size": 1242480.0}}, {"pk": 102, "model": "main.files", "fields": {"file": "60/02.jpg", "intellectual_property": 60, "name": "02.jpg", "extension": ".jpg", "size": 1564012.0}}, {"pk": 103, "model": "main.files", "fields": {"file": "60/05.jpg", "intellectual_property": 60, "name": "05.jpg", "extension": ".jpg", "size": 2074839.0}}, {"pk": 104, "model": "main.files", "fields": {"file": "60/06.jpg", "intellectual_property": 60, "name": "06.jpg", "extension": ".jpg", "size": 1597662.0}}, {"pk": 105, "model": "main.files", "fields": {"file": "60/01.jpg", "intellectual_property": 60, "name": "01.jpg", "extension": ".jpg", "size": 2996900.0}}, {"pk": 106, "model": "main.files", "fields": {"file": "60/07.jpg", "intellectual_property": 60, "name": "07.jpg", "extension": ".jpg", "size": 1031500.0}}, {"pk": 107, "model": "main.files", "fields": {"file": "61/02.jpg", "intellectual_property": 61, "name": "02.jpg", "extension": ".jpg", "size": 1425144.0}}, {"pk": 108, "model": "main.files", "fields": {"file": "61/03.jpg", "intellectual_property": 61, "name": "03.jpg", "extension": ".jpg", "size": 1501499.0}}, {"pk": 109, "model": "main.files", "fields": {"file": "61/04.jpg", "intellectual_property": 61, "name": "04.jpg", "extension": ".jpg", "size": 1847712.0}}, {"pk": 110, "model": "main.files", "fields": {"file": "61/06.jpg", "intellectual_property": 61, "name": "06.jpg", "extension": ".jpg", "size": 1105763.0}}, {"pk": 111, "model": "main.files", "fields": {"file": "61/05.jpg", "intellectual_property": 61, "name": "05.jpg", "extension": ".jpg", "size": 1844948.0}}, {"pk": 112, "model": "main.files", "fields": {"file": "61/01.jpg", "intellectual_property": 61, "name": "01.jpg", "extension": ".jpg", "size": 3009472.0}}, {"pk": 113, "model": "main.files", "fields": {"file": "64/2220649.pdf", "intellectual_property": 64, "name": "2220649.pdf", "extension": ".pdf", "size": 40456.0}}]
