[
    {   "pk": 1, "model": "auth.user",
        "fields": {"username": "admin","first_name": "Administrator","last_name": "creative_solution","is_active": true,"is_superuser": true,"is_staff": false,"last_login": "2014-01-7T23:54:35.458Z","groups": [],
            "user_permissions": [],
            "password": "pbkdf2_sha256$10000$0NtIv2jDYAbO$I1MDJgtSUJRRXnERSTR4MxIcwLSXaSTdxox3OAqGRVc=","email": "admin@admin.ru","date_joined": "2014-01-07T20:32:35.458Z"}},
    {   "pk": 2, "model": "auth.user",
        "fields": {"username": "user","first_name": "User","last_name": "creative_solution","is_active": true,"is_superuser": false,"is_staff": false,"last_login": "2014-01-7T23:54:35.458Z","groups": [],
            "user_permissions": [],
            "password": "pbkdf2_sha256$10000$wJUCsUB6ZDha$5e/UMAJrL4LBIOaYVhqEZSGNI/IHj62KW1jfd4cDPFM=","email": "user@user.ru","date_joined": "2014-01-07T20:32:35.458Z"}},
    {"pk": 3, "model": "main.authors", "fields": {"tel": "", "name": "\u0413\u0430\u043d\u0430\u043f\u0438", "department": null, "mail": "", "patronymic": "\u042f\u043d\u0433\u0438\u0435\u0432\u0438\u0447", "surname": "\u0410\u0445\u043c\u0435\u0434\u043e\u0432", "post": ""}}, {"pk": 5, "model": "main.authors", "fields": {"tel": "", "name": "\u0422", "department": null, "mail": "", "patronymic": "\u0410", "surname": "\u0418\u0441\u043c\u0430\u0438\u043b\u043e\u0432", "post": ""}}, {"pk": 6, "model": "main.authors", "fields": {"tel": "", "name": "\u041e", "department": null, "mail": "", "patronymic": "\u0412", "surname": "\u0415\u0432\u0434\u0443\u043b\u043e\u0432", "post": ""}}, {"pk": 7, "model": "main.authors", "fields": {"tel": "", "name": "\u0428", "department": null, "mail": "", "patronymic": "\u0410", "surname": "\u042e\u0441\u0443\u0444\u043e\u0432", "post": ""}}, {"pk": 8, "model": "main.authors", "fields": {"tel": "", "name": "\u0413", "department": null, "mail": "", "patronymic": "\u0418", "surname": "\u0410\u043c\u0438\u043d\u043e\u0432", "post": ""}}, {"pk": 9, "model": "main.authors", "fields": {"tel": "", "name": "\u0425", "department": null, "mail": "", "patronymic": "\u041c", "surname": "\u0413\u0430\u0434\u0436\u0438\u0435\u0432", "post": ""}}, {"pk": 10, "model": "main.authors", "fields": {"tel": "", "name": "\u0428", "department": null, "mail": "", "patronymic": "\u0410", "surname": "\u0421\u0430\u043b\u043c\u0430\u043d\u043e\u0432", "post": ""}}, {"pk": 11, "model": "main.authors", "fields": {"tel": "", "name": "\u0422", "department": null, "mail": "", "patronymic": "\u042d", "surname": "\u0426\u0435\u0445\u0430\u043d\u0441\u043a\u0430\u044f", "post": ""}}, {"pk": 12, "model": "main.authors", "fields": {"tel": "", "name": "\u0410.-\u0413.", "department": null, "mail": "", "patronymic": "\u0414.", "surname": "\u0410\u043b\u0438\u0435\u0432", "post": ""}}, {"pk": 13, "model": "main.authors", "fields": {"tel": "", "name": "\u041c.", "department": null, "mail": "", "patronymic": "\u0418.", "surname": "\u0418\u0441\u043c\u0430\u0438\u043b\u043e\u0432", "post": ""}}, {"pk": 14, "model": "main.authors", "fields": {"tel": "", "name": "\u041c.", "department": null, "mail": "", "patronymic": "\u0410.-\u0413.", "surname": "\u0410\u043b\u0438\u0435\u0432", "post": ""}}, {"pk": 15, "model": "main.authors", "fields": {"tel": "", "name": "\u041a.", "department": null, "mail": "", "patronymic": "\u0410.", "surname": "\u041c\u0430\u0433\u043e\u043c\u0435\u0434\u043e\u0432", "post": ""}}, {"pk": 16, "model": "main.authors", "fields": {"tel": "", "name": "\u0410\u0431\u0434\u0435\u043b\u044c\u043a\u0430\u0434\u044b\u0440", "department": null, "mail": "", "patronymic": "", "surname": "\u0417\u0430\u0440\u0430\u0442", "post": ""}}, {"pk": 17, "model": "main.authors", "fields": {"tel": "", "name": "\u0414.", "department": null, "mail": "", "patronymic": "\u0410.", "surname": "\u0410\u0432\u0435\u0440\u0431\u0443\u0445", "post": ""}}, {"pk": 18, "model": "main.authors", "fields": {"tel": "", "name": "\u041e.", "department": null, "mail": "", "patronymic": "\u0410.", "surname": "\u0413\u0440\u0438\u043d\u0447\u0443\u043a", "post": ""}}, {"pk": 19, "model": "main.authors", "fields": {"tel": "", "name": "\u0410.", "department": null, "mail": "", "patronymic": "\u0421.", "surname": "\u0421\u0430\u0438\u0434\u043e\u0432", "post": ""}}, {"pk": 20, "model": "main.authors", "fields": {"tel": "", "name": "\u041c.", "department": null, "mail": "", "patronymic": "\u0410.", "surname": "\u0425\u0430\u0437\u0430\u043c\u043e\u0432\u0430", "post": ""}}, {"pk": 22, "model": "main.authors", "fields": {"tel": "", "name": "\u0428.", "department": null, "mail": "", "patronymic": "\u0410.", "surname": "\u042e\u0441\u0443\u0444\u043e\u0432", "post": ""}}, {"pk": 1, "model": "main.tags", "fields": {"name": "\u0442\u044d\u04331"}}, {"pk": 2, "model": "main.tags", "fields": {"name": "\u0442\u044d\u04332"}}, {"pk": 3, "model": "main.tags", "fields": {"name": "\u0442\u044d\u04333"}}, {"pk": 4, "model": "main.tags", "fields": {"name": "\u0442\u044d\u04334"}}, {"pk": 5, "model": "main.tags", "fields": {"name": "\u0442\u0435\u0433\u0438\u0448\u0435^^"}}, {"pk": 6, "model": "main.tags", "fields": {"name": "taggie"}}, {"pk": 7, "model": "main.tags", "fields": {"name": "test"}}, {"pk": 8, "model": "main.documenttypes", "fields": {"name": "\u041f\u0430\u0442\u0435\u043d\u0442"}}, {"pk": 9, "model": "main.documenttypes", "fields": {"name": "test"}}, {"pk": 10, "model": "main.documenttypes", "fields": {"name": "qwe"}}, {"pk": 1, "model": "main.directions", "fields": {"name": "\u041d\u0430\u043f\u0440\u0430\u0432\u043b\u0435\u043d\u0438\u0435 1"}}, {"pk": 2, "model": "main.directions", "fields": {"name": "test"}}, {"pk": 3, "model": "main.directions", "fields": {"name": "qwe"}}, {"pk": 6, "model": "main.intellectualproperty", "fields": {"doc_type": 8, "direction": null, "code": "RU 85619 U1", "name": "\u0423\u0441\u0442\u0440\u043e\u0439\u0441\u0442\u0432\u043e \u0434\u043b\u044f \u043e\u0447\u0438\u0441\u0442\u043a\u0438 \u0442\u0440\u0443\u0431\u043e\u043a \u0442\u0435\u043f\u043b\u043e\u043e\u0431\u043c\u0435\u043d\u043d\u044b\u0445 \u0430\u043f\u0430\u0440\u0430\u0442\u043e\u0432 \u043e\u0442 \u043d\u0430\u043a\u0438\u043f\u0438 \u044d\u043b\u0435\u043a\u0442\u0440\u0438\u0447\u0435\u0441\u043a\u0438\u043c\u0438 \u0438\u043c\u043f\u0443\u043b\u044c\u0441\u043d\u044b\u043c\u0438 \u0440\u0430\u0437\u0440\u044f\u0434\u0430\u043c\u0438", "end_date": "2017-05-16", "tags": [], "public_date": "2009-08-09", "authors": [3], "start_date": "2007-05-15"}}, {"pk": 7, "model": "main.intellectualproperty", "fields": {"doc_type": 8, "direction": null, "code": "RU 86505 U1", "name": "\u0423\u0441\u0442\u0440\u043e\u0439\u0441\u0442\u0432\u043e \u0434\u043b\u044f \u043e\u0447\u0438\u0441\u0442\u043a\u0438 \u0432\u043d\u0443\u0442\u0440\u0435\u043d\u043d\u0435\u0439 \u043f\u043e\u0432\u0435\u0440\u0445\u043d\u043e\u0441\u0442\u0438 \u0442\u0440\u0443\u0431", "end_date": "2017-09-19", "tags": [], "public_date": "2009-09-09", "authors": [3], "start_date": "2007-09-18"}}, {"pk": 8, "model": "main.intellectualproperty", "fields": {"doc_type": 8, "direction": null, "code": "RU 91384 U1", "name": "\u0413\u0435\u043e\u0442\u0435\u0440\u043c\u0430\u043b\u044c\u043d\u0430\u044f \u0443\u0441\u0442\u0430\u043d\u043e\u0432\u043a\u0430", "end_date": "2018-05-04", "tags": [], "public_date": "2010-02-10", "authors": [3], "start_date": "2008-05-03"}}, {"pk": 9, "model": "main.intellectualproperty", "fields": {"doc_type": 8, "direction": null, "code": "RU 94561 U1", "name": "\u0423\u0441\u0442\u0440\u043e\u0439\u0441\u0442\u0432\u043e \u0434\u043b\u044f \u043e\u0447\u0438\u0441\u0442\u043a\u0438 \u0436\u0438\u0434\u043a\u043e\u0441\u0442\u0435\u0439", "end_date": "2019-12-30", "tags": [], "public_date": "2010-05-26", "authors": [3], "start_date": "2009-12-30"}}, {"pk": 10, "model": "main.intellectualproperty", "fields": {"doc_type": 8, "direction": null, "code": "RU 95278 U1", "name": "\u0423\u0441\u0442\u0440\u043e\u0439\u0441\u0442\u0432\u0430 \u0434\u043b\u044f \u043e\u0447\u0438\u0441\u0442\u043a\u0438 \u0432\u043d\u0443\u0442\u0440\u0435\u043d\u043d\u0435\u0439 \u043f\u043e\u0432\u0435\u0440\u0445\u043d\u043e\u0441\u0442\u0438 \u0442\u0440\u0443\u0431", "end_date": "2018-07-07", "tags": [], "public_date": "2010-08-26", "authors": [3], "start_date": "2018-07-07"}}, {"pk": 11, "model": "main.intellectualproperty", "fields": {"doc_type": 8, "direction": null, "code": "RU 2198419 C1", "name": "\u0423\u0441\u0442\u0440\u043e\u0439\u0441\u0442\u0432\u043e \u0434\u043b\u044f \u043e\u0445\u043b\u0430\u0436\u0434\u0435\u043d\u0438\u044f \u044d\u043b\u0435\u043a\u0442\u0440\u043e\u0439\u043d\u043d\u044b\u0445 \u043f\u043b\u0430\u0442", "end_date": "2003-11-06", "tags": [], "public_date": "2003-02-10", "authors": [5, 6, 7], "start_date": "2011-11-05"}}, {"pk": 12, "model": "main.intellectualproperty", "fields": {"doc_type": 8, "direction": null, "code": "RU 2199696 C2", "name": "\u041e\u0441\u0432\u0435\u0442\u0438\u0442\u0435\u043b\u044c\u043d\u044b\u0439 \u043f\u0440\u0438\u0431\u043e\u0440", "end_date": "2005-01-20", "tags": [], "public_date": "2003-02-27", "authors": [5, 6, 7, 8], "start_date": "2013-01-19"}}, {"pk": 13, "model": "main.intellectualproperty", "fields": {"doc_type": 8, "direction": null, "code": "RU 2199777 C2", "name": "\u0423\u0441\u0442\u0440\u043e\u0439\u0441\u0442\u0432\u043e \u0434\u043b\u044f \u0442\u0435\u0440\u043c\u043e\u0441\u0442\u0430\u0431\u0438\u043b\u0438\u0437\u0430\u0446\u0438\u0438 \u043d\u0435\u0441\u043a\u043e\u043b\u044c\u043a\u0438\u0445 \u043e\u0431\u044a\u0435\u043a\u0442\u043e\u0432 \u043d\u0430 \u0440\u0430\u0437\u043d\u044b\u0445 \u0442\u0435\u043c\u043f\u0435\u0440\u0430\u0442\u0443\u0440\u043d\u044b\u0445 \u0443\u0440\u043e\u0432\u043d\u044f\u0445", "end_date": "2004-07-15", "tags": [], "public_date": "2003-02-27", "authors": [5, 6, 7, 9], "start_date": "2009-07-14"}}, {"pk": 14, "model": "main.intellectualproperty", "fields": {"doc_type": 8, "direction": null, "code": "RU 2203523 C2", "name": "\u0428\u043a\u0430\u0444 \u0434\u043b\u044f \u043e\u0445\u043b\u0430\u0436\u0434\u0435\u043d\u0438\u044f \u0440\u0430\u0434\u0438\u043e\u044d\u043b\u0435\u043a\u0442\u0440\u043e\u043d\u043d\u043e\u0439 \u0430\u043f\u043f\u0430\u0440\u0430\u0443\u0440\u044b", "end_date": "2006-04-19", "tags": [], "public_date": "2003-04-26", "authors": [5, 7, 10, 11], "start_date": "2006-12-03"}}, {"pk": 15, "model": "main.intellectualproperty", "fields": {"doc_type": 8, "direction": null, "code": "RU 214151 C2", "name": "\u0423\u0441\u0442\u0440\u043e\u0439\u0441\u0442\u0432\u043e \u0434\u043b\u044f \u0438\u0437\u043c\u0435\u0440\u0435\u043d\u0438\u044f \u0441\u0442\u0435\u043f\u0435\u043d\u0438 \u043f\u0440\u043e\u0437\u0440\u0430\u0447\u043d\u043e\u0441\u0442\u0438 \u043e\u043f\u0442\u0438\u0447\u0435\u0441\u043a\u0438\u0445 \u0441\u0440\u0435\u0434 \u0433\u043b\u0430\u0437\u0430", "end_date": "2006-04-26", "tags": [], "public_date": "2003-10-19", "authors": [5, 8, 9, 12, 13, 14], "start_date": "2001-07-15"}}, {"pk": 16, "model": "main.intellectualproperty", "fields": {"doc_type": 8, "direction": null, "code": "RU 2215270 C1", "name": "\u041f\u0440\u0435\u0437\u0438\u0446\u0438\u043e\u043d\u043d\u044b\u0439 \u043c\u0430\u043b\u043e\u0433\u0430\u0431\u0430\u0440\u0438\u0442\u043d\u044b\u0439 \u043d\u0443\u043b\u044c-\u0442\u0435\u043c\u043e\u0441\u0442\u0430\u0442", "end_date": "2006-04-26", "tags": [], "public_date": "2003-10-27", "authors": [5, 6, 7, 8], "start_date": "2012-11-11"}}, {"pk": 17, "model": "main.intellectualproperty", "fields": {"doc_type": 8, "direction": null, "code": "RU 2215272 C1", "name": "\u0414\u0430\u0442\u0447\u0438\u043a \u0442\u0435\u043f\u043b\u043e\u0432\u043e\u0433\u043e \u043f\u043e\u0442\u043e\u043a\u0430", "end_date": "2006-04-26", "tags": [], "public_date": "2003-10-27", "authors": [7], "start_date": "2012-11-11"}}, {"pk": 18, "model": "main.intellectualproperty", "fields": {"doc_type": 8, "direction": null, "code": "RU 220649 C2", "name": "\u041f\u043e\u043b\u0443\u043f\u0440\u043e\u0432\u043e\u0434\u043d\u0438\u043a\u043e\u0432\u043e\u0435 \u0442\u0435\u0440\u043c\u043e\u044d\u043b\u0435\u043a\u0442\u0438\u0447\u0435\u0441\u043a\u043e\u0435 \u0443\u0441\u0442\u0440\u043e\u0439\u0441\u0442\u0432\u043e \u0434\u043b\u044f \u0440\u0435\u0433\u0443\u043b\u0438\u0440\u043e\u0432\u0430\u043d\u0438\u044f \u0442\u0435\u043c\u043f\u0435\u0440\u0430\u0442\u0443\u0440\u044b \u0442\u0440\u0430\u043d\u0441\u0444\u0443\u0437\u0438\u043e\u043d\u043d\u044b\u0445 \u0441\u0440\u0435\u0434\u0441\u0442\u0432", "end_date": "2006-05-26", "tags": [], "public_date": "2004-01-10", "authors": [5, 7, 8, 15], "start_date": "2011-01-31"}}, {"pk": 19, "model": "main.intellectualproperty", "fields": {"doc_type": 8, "direction": null, "code": "RU 2225843 \u04211", "name": "\u0422\u0435\u0440\u043c\u043e\u044d\u043b\u0435\u043a\u0442\u0440\u0438\u0447\u0435\u0441\u043a\u0438\u0439 \u043e\u043f\u0440\u0435\u0441\u043d\u0438\u0442\u0435\u043b\u044c", "end_date": "2006-05-19", "tags": [], "public_date": "2004-03-20", "authors": [5, 6, 7, 8, 16], "start_date": "2012-11-11"}}, {"pk": 20, "model": "main.intellectualproperty", "fields": {"doc_type": 8, "direction": null, "code": "RU 2233569 \u04212", "name": "\u0423\u0441\u0442\u0440\u043e\u0439\u0441\u0442\u0432\u043e \u0434\u043b\u044f \u0442\u0435\u0440\u043c\u043e\u0441\u0442\u0430\u0431\u0438\u043b\u0438\u0437\u0430\u0446\u0438\u0438 \u044d\u043b\u0435\u043c\u0435\u043d\u0442\u043e\u0432 \u0440\u0430\u0434\u0438\u043e\u044d\u043b\u0435\u043a\u0442\u0440\u043e\u043d\u043e\u0439 \u0430\u043f\u043f\u0430\u0440\u0430\u0442\u0443\u0440\u044b \u0441 \u0432\u044b\u0441\u043e\u043a\u0438\u043c \u0443\u0440\u043e\u0432\u043d\u0435\u043c \u0442\u0435\u043f\u043b\u043e\u0432\u044b\u0434\u0435\u043b\u0435\u043d\u0438\u0439", "end_date": "2006-10-09", "tags": [], "public_date": "2004-07-26", "authors": [5, 6, 7, 8], "start_date": "2012-06-24"}}, {"pk": 21, "model": "main.intellectualproperty", "fields": {"doc_type": 8, "direction": null, "code": "RU 2234639 \u04212", "name": "\u0411\u043b\u043e\u0447\u043d\u0430\u044f \u0438\u043d\u0436\u0435\u043a\u0446\u0438\u043e\u043d\u043d\u0430\u044f \u0433\u043e\u0440\u0435\u043b\u043a\u0430 \u0441 \u0434\u0438\u0430\u0444\u0440\u0430\u0433\u043c\u043e\u0439", "end_date": "2007-02-20", "tags": [], "public_date": "2004-08-19", "authors": [6, 17, 18, 19], "start_date": "2013-06-20"}}, {"pk": 22, "model": "main.intellectualproperty", "fields": {"doc_type": 8, "direction": null, "code": "RU 2234907 C2", "name": "\u0423\u0441\u0442\u0440\u043e\u0439\u0441\u0442\u0432\u043e \u0434\u043b\u044f \u0442\u0435\u0440\u043c\u043e\u043f\u0443\u043d\u043a\u0442\u0443\u0440\u044b", "end_date": "2005-11-27", "tags": [], "public_date": "2004-08-26", "authors": [5, 6], "start_date": "2013-08-20"}}, {"pk": 23, "model": "main.intellectualproperty", "fields": {"doc_type": 8, "direction": null, "code": "RU 2236034 \u04212", "name": "\u0423\u0441\u0442\u0440\u043e\u0439\u0441\u0442\u0432\u043e \u0434\u043b\u044f \u0442\u0435\u0440\u043c\u043e\u0441\u0442\u0430\u0431\u0438\u043b\u0438\u0437\u0430\u0446\u0438\u0438 \u043d\u0435\u0441\u043a\u043e\u043b\u044c\u043a\u0438\u0445 \u043e\u0431\u044a\u0435\u043a\u0442\u043e\u0432 \u043d\u0430 \u0440\u0430\u0437\u043d\u044b\u0445 \u0442\u0435\u043c\u043f\u0435\u0440\u0430\u0442\u0443\u0440\u043d\u044b\u0445 \u0443\u0440\u043e\u0432\u043d\u044f\u0445", "end_date": "2005-12-28", "tags": [], "public_date": "2004-09-09", "authors": [5, 6, 7, 8], "start_date": "2013-07-20"}}, {"pk": 24, "model": "main.intellectualproperty", "fields": {"doc_type": 8, "direction": null, "code": "RU 2236096 \u04212", "name": "\u0423\u0441\u0442\u0440\u043e\u0439\u0441\u0442\u0432\u043e \u0434\u043b\u044f \u0442\u0435\u0440\u043c\u043e\u0441\u0442\u0430\u0431\u0438\u043b\u0438\u0437\u0430\u0443\u0438\u0438 \u044d\u043b\u0435\u043c\u0435\u043d\u0442\u043e\u0432 \u0440\u0430\u0434\u0438\u043e\u044d\u043b\u0435\u043a\u0442\u0440\u043e\u043d\u043d\u043e\u0439\u0430\u043f\u043f\u0430\u0440\u0430\u0442\u0443\u0440\u044b \u0431\u043e\u043b\u044c\u0448\u043e\u0439 \u043c\u043e\u0449\u043d\u043e\u0441\u0442\u0438", "end_date": "2004-11-30", "tags": [], "public_date": "2004-09-09", "authors": [5, 6, 7, 8], "start_date": "2013-07-27"}}, {"pk": 25, "model": "main.intellectualproperty", "fields": {"doc_type": 8, "direction": null, "code": "RU 2236097 \u04212", "name": "\u0423\u0441\u0442\u0440\u043e\u0439\u0441\u0442\u0432\u043e \u0434\u043b\u044f \u0442\u0435\u0440\u043c\u043e\u0441\u0442\u0430\u0431\u0438\u043b\u0438\u0437\u0430\u0446\u0438\u0438 \u044d\u043b\u0435\u043c\u0435\u043d\u0442\u043e\u0432 \u0440\u0430\u0434\u0438\u043e\u044d\u043b\u0435\u043a\u0442\u0440\u043e\u043d\u043d\u043e\u0439 \u0430\u043f\u043f\u0430\u0440\u0430\u0442\u0443\u0440\u044b \u0431\u043e\u043b\u044c\u0449\u043e\u0439 \u043c\u043e\u0449\u043d\u043e\u0441\u0442\u0438", "end_date": "2005-11-30", "tags": [], "public_date": "2004-09-09", "authors": [5, 6, 7, 8], "start_date": "2013-07-27"}}, {"pk": 26, "model": "main.intellectualproperty", "fields": {"doc_type": 8, "direction": null, "code": "RU 2236098 \u04212", "name": "\u0423\u0441\u0442\u0440\u043e\u0439\u0441\u0442\u0432\u043e \u0434\u043b\u044f \u0442\u0435\u0440\u043c\u043e\u0441\u0442\u0430\u0431\u0438\u043b\u0438\u0437\u0430\u0446\u0438\u0438 \u044d\u043b\u0435\u043c\u0435\u043d\u0442\u043e\u0432 \u0440\u0430\u0434\u0438\u044d\u043b\u0435\u043a\u0442\u0440\u043e\u043d\u043d\u043e\u0439 \u0430\u043f\u043f\u0430\u0440\u0430\u0442\u0443\u0440\u044b \u0441 \u0432\u044b\u0441\u043e\u043a\u0438\u043c \u0443\u0440\u043e\u0432\u043d\u0435\u043c \u0442\u0435\u0440\u043c\u043e\u0432\u044b\u0434\u0435\u043b\u0435\u043d\u0438\u0439", "end_date": "2005-06-24", "tags": [], "public_date": "2004-09-09", "authors": [5, 6, 7, 8], "start_date": "2014-02-10"}}, {"pk": 27, "model": "main.intellectualproperty", "fields": {"doc_type": 8, "direction": null, "code": "RU 2236100 \u04212", "name": "\u0423\u0441\u0442\u0440\u043e\u0439\u0441\u0442\u0432\u043e \u0434\u043b\u044f \u043e\u0445\u043b\u0430\u0436\u0434\u0435\u043d\u0438\u044f \u0442\u0435\u0440\u043c\u043e\u0441\u0442\u0430\u0431\u0438\u043b\u0438\u0437\u0430\u0446\u0438\u0438 \u044d\u043b\u0435\u043c\u0435\u043d\u0442\u043e\u0432 \u0440\u0430\u0434\u0438\u043e\u044d\u043b\u0435\u043a\u0442\u0440\u043e\u043d\u043d\u043e\u0439 \u0430\u043f\u043f\u0430\u0440\u0430\u0442\u0443\u0440\u044b, \u0440\u0430\u0431\u043e\u0442\u0430\u044e\u0449\u0438\u0445 \u043f\u0440\u0438 \u0446\u0438\u043a\u043b\u0438\u0447\u0435\u0441\u043a\u0438\u0445 \u0442\u0435\u043f\u043b\u043e\u0432\u044b\u0445 \u0432\u043e\u0437\u0434\u0435\u0439\u0441\u0442\u0432\u0438\u044f\u0445", "end_date": "2005-09-09", "tags": [], "public_date": "2004-09-09", "authors": [5, 6, 7, 8], "start_date": "2012-09-19"}}, {"pk": 28, "model": "main.intellectualproperty", "fields": {"doc_type": 8, "direction": null, "code": "RU 2245693 \u04212", "name": "\u041f\u043e\u043b\u0443\u043f\u0440\u043e\u0432\u043e\u0434\u043d\u0438\u043a\u043e\u0432\u044b\u0435 \u0442\u0435\u0440\u043c\u043e\u044d\u043b\u0435\u043a\u0442\u0440\u0438\u0447\u0435\u0441\u043a\u0438\u0435 \u0443\u0441\u0442\u0440\u043e\u0439\u0441\u0442\u0432\u0430 \u0434\u043b\u044f \u043b\u043e\u043a\u0430\u043b\u044c\u043d\u043e\u0433\u043e \u0442\u0435\u043c\u043f\u0435\u0440\u0430\u0442\u0443\u0440\u043d\u043e\u0433\u043e \u0432\u043e\u0437\u0434\u0435\u0439\u0441\u0442\u0432\u0438\u044f \u043d\u0430 \u0441\u0442\u043e\u043f\u0443 \u0447\u0435\u043b\u043e\u0432\u0435\u043a\u0430", "end_date": null, "tags": [], "public_date": "2004-03-27", "authors": [5, 6, 8, 20], "start_date": "2012-09-27"}}, {"pk": 29, "model": "main.intellectualproperty", "fields": {"doc_type": 8, "direction": null, "code": "RU 2245694 \u04212", "name": "\u041f\u043e\u043b\u0443\u043f\u0440\u043e\u0432\u043e\u0434\u043d\u0438\u043a\u043e\u0432\u043e\u0435 \u0442\u043c\u043e\u044d\u043b\u0435\u043a\u0442\u0438\u0447\u0435\u0441\u043a\u043e\u0435 \u0443\u0441\u0442\u0440\u043e\u0439\u0441\u0442\u0432\u043e \u0434\u043b\u044f \u043b\u043e\u043a\u0430\u043b\u044c\u043d\u043e\u0433\u043e \u0442\u0435\u043c\u043f\u0435\u0440\u0430\u0442\u0443\u0440\u043d\u043e\u0433\u043e \u0432\u043e\u0437\u0434\u0435\u0439\u0441\u0442\u0432\u0438\u044f \u043d\u0430 \u0441\u0442\u043e\u043f\u0443 \u0447\u0435\u043b\u043e\u0432\u0435\u043a\u0430", "end_date": null, "tags": [], "public_date": "2004-03-27", "authors": [5, 6, 8, 16, 20], "start_date": "2012-09-27"}}, {"pk": 30, "model": "main.intellectualproperty", "fields": {"doc_type": 8, "direction": null, "code": "RU 2245697 \u04212", "name": "\u0423\u0441\u0442\u0440\u043e\u0439\u0441\u0442\u0432\u043e \u0434\u043b\u044f \u043f\u043e\u043b\u0443\u0447\u0435\u043d\u0438\u044f \u0432\u043e\u0434\u044b \u0438\u0437 \u0430\u0442\u043c\u043e\u0441\u0444\u0435\u0440\u043d\u043e\u0433\u043e \u0432\u043e\u0437\u0434\u0443\u0445\u0430", "end_date": null, "tags": [], "public_date": "2005-02-10", "authors": [5, 6, 7, 8, 16], "start_date": "2012-12-26"}}, {"pk": 31, "model": "main.intellectualproperty", "fields": {"doc_type": 8, "direction": null, "code": "RU 2246919 \u04212", "name": "\u0423\u0441\u0442\u0440\u043e\u0439\u0441\u0442\u0432\u043e \u0434\u043b\u044f \u043f\u0443\u043b\u044c\u0441\u0438\u0440\u0443\u044e\u0448\u0435\u0433\u043e \u0442\u0435\u043f\u043b\u043e\u0432\u043e\u0433\u043e \u0432\u043e\u0437\u0434\u0435\u0439\u0441\u0442\u0432\u0438\u044f \u043d\u0430 \u043d\u0430\u0437\u043e\u043b\u043e\u0431\u0438\u0430\u043b\u044c\u0433\u0443\u044e \u043e\u0431\u043b\u0430\u0441\u0442\u044c, \u0430\u0434\u0430\u043f\u0442\u0438\u0432\u043e\u043d\u043e\u0435 \u043a \u0440\u0438\u0442\u043c\u0443 \u0434\u044b\u0445\u0430\u043d\u0438\u044e \u043f\u0430\u0446\u0438\u0435\u043d\u0442\u0430", "end_date": null, "tags": [], "public_date": "2004-05-26", "authors": [5, 6, 7, 8], "start_date": "2012-11-22"}}, {"pk": 34, "model": "main.intellectualproperty", "fields": {"doc_type": 8, "direction": null, "code": "RU 2247896 C2", "name": "\u041e\u0441\u0432\u0435\u0442\u0438\u0442\u0435\u043b\u044c\u043d\u044b\u0439 \u043f\u0440\u0438\u0431\u043e\u0440", "end_date": null, "tags": [], "public_date": "2004-09-26", "authors": [6, 7, 8, 22], "start_date": "2013-03-31"}}, {"pk": 1, "model": "main.downloaddir", "fields": {"intellectual_property": [28, 29], "name": "\u041f\u0430\u0442\u0435\u043d\u0442\u044b \u0425\u0430\u0437\u0430\u043c\u043e\u0432\u0430"}}, {"pk": 36, "model": "main.files", "fields": {"file": "6/85619_1.pdf", "intellectual_property": 6, "name": "85619.pdf", "extension": ".pdf", "size": 3384885.0}}, {"pk": 37, "model": "main.files", "fields": {"file": "7/86505.pdf", "intellectual_property": 7, "name": "86505.pdf", "extension": ".pdf", "size": 3382462.0}}, {"pk": 38, "model": "main.files", "fields": {"file": "8/91384.pdf", "intellectual_property": 8, "name": "91384.pdf", "extension": ".pdf", "size": 3356643.0}}, {"pk": 39, "model": "main.files", "fields": {"file": "9/94561.pdf", "intellectual_property": 9, "name": "94561.pdf", "extension": ".pdf", "size": 3300186.0}}, {"pk": 40, "model": "main.files", "fields": {"file": "10/95278.pdf", "intellectual_property": 10, "name": "95278.pdf", "extension": ".pdf", "size": 3288932.0}}, {"pk": 41, "model": "main.files", "fields": {"file": "11/2198419.pdf", "intellectual_property": 11, "name": "2198419.pdf", "extension": ".pdf", "size": 42706.0}}, {"pk": 42, "model": "main.files", "fields": {"file": "12/2199696.pdf", "intellectual_property": 12, "name": "2199696.pdf", "extension": ".pdf", "size": 42621.0}}, {"pk": 43, "model": "main.files", "fields": {"file": "13/2199777.pdf", "intellectual_property": 13, "name": "2199777.pdf", "extension": ".pdf", "size": 41869.0}}, {"pk": 44, "model": "main.files", "fields": {"file": "14/2203523.pdf", "intellectual_property": 14, "name": "2203523.pdf", "extension": ".pdf", "size": 42104.0}}, {"pk": 45, "model": "main.files", "fields": {"file": "15/2214151.pdf", "intellectual_property": 15, "name": "2214151.pdf", "extension": ".pdf", "size": 41889.0}}, {"pk": 46, "model": "main.files", "fields": {"file": "16/2215270.pdf", "intellectual_property": 16, "name": "2215270.pdf", "extension": ".pdf", "size": 41500.0}}, {"pk": 47, "model": "main.files", "fields": {"file": "17/2215272.pdf", "intellectual_property": 17, "name": "2215272.pdf", "extension": ".pdf", "size": 41382.0}}, {"pk": 48, "model": "main.files", "fields": {"file": "18/2220649.pdf", "intellectual_property": 18, "name": "2220649.pdf", "extension": ".pdf", "size": 40456.0}}, {"pk": 49, "model": "main.files", "fields": {"file": "19/2225843.pdf", "intellectual_property": 19, "name": "2225843.pdf", "extension": ".pdf", "size": 40790.0}}, {"pk": 50, "model": "main.files", "fields": {"file": "20/2233569.pdf", "intellectual_property": 20, "name": "2233569.pdf", "extension": ".pdf", "size": 42451.0}}, {"pk": 51, "model": "main.files", "fields": {"file": "21/2234639.pdf", "intellectual_property": 21, "name": "2234639.pdf", "extension": ".pdf", "size": 41786.0}}, {"pk": 52, "model": "main.files", "fields": {"file": "22/2234907.pdf", "intellectual_property": 22, "name": "2234907.pdf", "extension": ".pdf", "size": 69926.0}}, {"pk": 54, "model": "main.files", "fields": {"file": "23/2236034.pdf", "intellectual_property": 23, "name": "2236034.pdf", "extension": ".pdf", "size": 70048.0}}, {"pk": 55, "model": "main.files", "fields": {"file": "24/2236096.pdf", "intellectual_property": 24, "name": "2236096.pdf", "extension": ".pdf", "size": 69240.0}}, {"pk": 56, "model": "main.files", "fields": {"file": "25/2236097.pdf", "intellectual_property": 25, "name": "2236097.pdf", "extension": ".pdf", "size": 69404.0}}, {"pk": 57, "model": "main.files", "fields": {"file": "26/2236098.pdf", "intellectual_property": 26, "name": "2236098.pdf", "extension": ".pdf", "size": 69909.0}}, {"pk": 58, "model": "main.files", "fields": {"file": "27/2236100.pdf", "intellectual_property": 27, "name": "2236100.pdf", "extension": ".pdf", "size": 69840.0}}, {"pk": 59, "model": "main.files", "fields": {"file": "28/2245693.pdf", "intellectual_property": 28, "name": "2245693.pdf", "extension": ".pdf", "size": 117864.0}}, {"pk": 60, "model": "main.files", "fields": {"file": "29/2245694.pdf", "intellectual_property": 29, "name": "2245694.pdf", "extension": ".pdf", "size": 136171.0}}, {"pk": 61, "model": "main.files", "fields": {"file": "30/2245967.pdf", "intellectual_property": 30, "name": "2245967.pdf", "extension": ".pdf", "size": 403708.0}}, {"pk": 62, "model": "main.files", "fields": {"file": "31/2246919.pdf", "intellectual_property": 31, "name": "2246919.pdf", "extension": ".pdf", "size": 164346.0}}, {"pk": 63, "model": "main.files", "fields": {"file": "34/2247896.pdf", "intellectual_property": 34, "name": "2247896.pdf", "extension": ".pdf", "size": 133640.0}}]
